run	cell	mean_ns_per_unit	total_wall_ns	units	p_cycles	p_instructions	p_scheduled_ns	e_cycles	e_instructions	e_scheduled_ns	e_time_share_ppm	approx_mhz
1	blake3-servil-mt|shared|ContinuousMessages|64 B	1.998	12573053	6291456	28684817	32900418	7951764	2005185	2558027	750676	86260	3527
1	blake3-servil-mt|shared|LentMessages|1 MiB	0.0890	49290514	553648128	205036633	191084856	44371732	16796532	8426252	4860160	98719	4506
1	blake3-servil-mt|solo|ContinuousMessages|64 B	1.134	3566193	3145728	14944306	17222000	3551894	0	0	0	0	4207
1	blake3-servil-mt|solo|LentMessages|1 MiB	0.0923	25555749	276824064	117047830	119427587	25414524	0	0	0	0	4606
1	blake3-servil-st|shared|LentMessages|1 MiB	0.232	58499605	251658240	264807132	617983928	55918709	9482125	13148595	2643841	45145	4684
1	blake3-servil-st|solo|LentMessages|1 MiB	0.223	28102420	125829120	133126674	315566270	28118579	0	0	0	0	4734
1	sha256|shared|ContinuousMessages|64 B	0.997	50033830	50184192	224684990	455422314	46389259	13746523	32362472	3674091	73388	4763
1	sha256|shared|LentMessages|1 MiB	0.486	48957530	100663296	220405551	246977900	46752117	7715954	11075502	2159301	44147	4664
1	sha256|solo|ContinuousMessages|64 B	0.990	24829613	25092096	120499978	243890930	24852257	0	0	0	0	4849
1	sha256|solo|LentMessages|1 MiB	0.475	23932449	50331648	113109134	128347032	23786120	595663	677975	172828	7213	4746
2	blake3-servil-mt|shared|ContinuousMessages|64 B	2.194	13804179	6291456	31464284	34401183	8521835	915190	1206067	524564	57985	3579
2	blake3-servil-mt|shared|LentMessages|1 MiB	0.0911	55011076	603979776	205168446	188433599	44316691	37641604	20080755	10647542	193717	4418
2	blake3-servil-mt|solo|ContinuousMessages|64 B	1.362	4284806	3145728	16644769	17472813	4078224	0	0	0	0	4081
2	blake3-servil-mt|solo|LentMessages|1 MiB	0.0910	27484169	301989888	126272790	130566255	27394117	0	0	0	0	4609
2	blake3-servil-st|shared|LentMessages|1 MiB	0.230	57985007	251658240	262894533	617983932	55400343	9509299	13148596	2638352	45458	4693
2	blake3-servil-st|solo|LentMessages|1 MiB	0.249	31269346	125829120	121652966	288114675	25683412	20146800	27451440	5520930	176928	4544
2	sha256|shared|ContinuousMessages|64 B	1.020	50119718	49139712	234933385	465452250	48608198	5178247	12181554	1394954	27897	4802
2	sha256|shared|LentMessages|1 MiB	0.481	48401780	100663296	214727680	241925391	45480534	11033335	16128135	2972021	61338	4659
2	sha256|solo|ContinuousMessages|64 B	0.989	24308946	24569856	118888060	238815697	24331397	0	0	0	0	4886
2	sha256|solo|LentMessages|1 MiB	0.475	23914026	50331648	99703619	112896948	20852293	10869600	16128135	3038549	127184	4628
3	blake3-servil-mt|shared|ContinuousMessages|64 B	1.903	11973869	6291456	30400651	33771254	8302421	1389652	1833786	554714	62629	3589
3	blake3-servil-mt|shared|LentMessages|1 MiB	0.0910	36636219	402653184	151926538	137232997	32924890	13548684	7974720	3799371	103456	4506
3	blake3-servil-mt|solo|ContinuousMessages|64 B	1.258	3956786	3145728	14300966	17307156	3516726	0	0	0	0	4067
3	blake3-servil-mt|solo|LentMessages|1 MiB	0.0954	19204626	201326592	87407200	91690996	18984060	0	0	0	0	4604
3	blake3-servil-st|shared|LentMessages|1 MiB	0.244	61351609	251658240	252572493	591686746	53571428	29364783	39445787	7831884	127548	4592
3	blake3-servil-st|solo|LentMessages|1 MiB	0.223	28113715	125829120	133091946	315565608	28027280	19965	586	10975	391	4748
3	sha256|shared|ContinuousMessages|64 B	0.988	47706579	48282624	224031197	454344540	46011866	6354983	14959406	1701602	35662	4829
3	sha256|shared|LentMessages|1 MiB	0.489	49220531	100663296	224807958	252677510	48067807	3676213	5376045	1014832	20675	4655
3	sha256|solo|ContinuousMessages|64 B	0.983	23742638	24141312	115743372	234650497	23759926	0	0	0	0	4871
3	sha256|solo|LentMessages|1 MiB	0.474	23876481	50331648	108971717	123649054	22873962	3625677	5376045	1013841	42441	4714
4	blake3-servil-mt|shared|ContinuousMessages|64 B	2.401	15553932	6478848	31236187	34677654	8691540	1455164	1972172	659416	70518	3496
4	blake3-servil-mt|shared|LentMessages|1 MiB	0.0882	57709666	654311424	229182204	212941359	49482752	29328970	17320255	8280421	143351	4475
4	blake3-servil-mt|solo|ContinuousMessages|64 B	1.257	4070635	3239424	14437240	17744467	3809070	0	0	0	0	3790
4	blake3-servil-mt|solo|LentMessages|1 MiB	0.0843	27575976	327155712	127689248	123028678	27602325	0	0	0	0	4626
4	blake3-servil-st|shared|LentMessages|1 MiB	0.250	63035796	251658240	246721086	578538453	52068632	39712267	52594426	11034771	174868	4539
4	blake3-servil-st|solo|LentMessages|1 MiB	0.258	32510489	125829120	116453790	276120478	24548094	28523065	39445788	7946069	244538	4462
4	sha256|shared|ContinuousMessages|64 B	0.988	47016222	47563776	221387969	448850297	45484131	5727781	13467395	1536785	32683	4830
4	sha256|shared|LentMessages|1 MiB	0.481	48414632	100663296	220080261	247301782	46520652	7164675	10752118	1949562	40221	4688
4	sha256|solo|ContinuousMessages|64 B	0.984	23390204	23781888	114103047	231157344	23411282	0	0	0	0	4874
4	sha256|solo|LentMessages|1 MiB	0.472	23747405	50331648	100053951	112896945	20887838	10725990	16128135	2892312	121627	4659
5	blake3-servil-mt|shared|ContinuousMessages|64 B	1.916	12056941	6291456	31793336	34444401	8635152	829168	1125341	500473	54782	3571
5	blake3-servil-mt|shared|LentMessages|1 MiB	0.0907	59327613	654311424	197010275	181935232	42588216	59626716	32484163	16729321	282029	4326
5	blake3-servil-mt|solo|ContinuousMessages|64 B	1.348	4241821	3145728	16254289	17502659	3955127	0	0	0	0	4110
5	blake3-servil-mt|solo|LentMessages|1 MiB	0.0861	28172329	327155712	129752157	128142633	28205568	0	0	0	0	4600
5	blake3-servil-st|shared|LentMessages|1 MiB	0.260	52284638	201326592	196017731	452321348	41556082	39259621	52595511	10730548	205225	4500
5	blake3-servil-st|solo|LentMessages|1 MiB	0.242	24312398	100663296	100681589	237311470	21292051	11263596	15146880	3036815	124823	4601
5	sha256|shared|ContinuousMessages|64 B	1.008	49465955	49069056	230105896	457071460	47258086	8436150	19875751	2251589	45477	4818
5	sha256|shared|LentMessages|1 MiB	0.485	48794493	100663296	207947767	234101552	44103499	16645693	23951919	4628368	94976	4609
5	sha256|solo|ContinuousMessages|64 B	0.983	24127253	24534528	117638441	238472072	24147141	0	0	0	0	4872
5	sha256|solo|LentMessages|1 MiB	0.476	23977116	50331648	109191287	124007757	22940460	3589502	5017173	1009203	42138	4709
6	blake3-servil-mt|shared|ContinuousMessages|64 B	1.957	12310156	6291456	31420693	35596583	8647089	0	0	0	0	3634
6	blake3-servil-mt|shared|LentMessages|1 MiB	0.0939	33094763	352321536	139648425	122643927	30234878	9750191	6108833	2770845	83950	4526
6	blake3-servil-mt|solo|ContinuousMessages|64 B	1.223	3847257	3145728	15026762	17316719	3625213	0	0	0	0	4145
6	blake3-servil-mt|solo|LentMessages|1 MiB	0.1000	17611758	176160768	81316110	89015367	17647180	0	0	0	0	4608
6	blake3-servil-st|shared|LentMessages|1 MiB	0.232	58337285	251658240	261305682	613739660	54835078	12691137	17392792	3469755	59510	4699
6	blake3-servil-st|solo|LentMessages|1 MiB	0.265	33296785	125829120	117580468	274888152	24932695	29724658	40677968	8309682	249972	4431
6	sha256|shared|ContinuousMessages|64 B	1.007	49496403	49133568	239369615	475756005	49234814	792261	1818032	242928	4909	4854
6	sha256|shared|LentMessages|1 MiB	0.493	49597446	100663296	234892393	258053531	49646425	0	0	0	0	4731
6	sha256|solo|ContinuousMessages|64 B	0.988	24280220	24566784	118106057	238785555	24254323	0	0	0	0	4869
6	sha256|solo|LentMessages|1 MiB	0.471	23720891	50331648	101818376	115584872	21278396	9053524	13440134	2426358	102357	4677
7	blake3-servil-mt|shared|ContinuousMessages|64 B	1.997	12564654	6291456	31139311	35653841	8725502	0	0	0	0	3569
7	blake3-servil-mt|shared|LentMessages|1 MiB	0.0930	32753410	352321536	133095746	121394359	28774845	12634436	7119838	3968777	121207	4451
7	blake3-servil-mt|solo|ContinuousMessages|64 B	1.517	4772436	3145728	15092823	17343622	3949861	0	0	0	0	3821
7	blake3-servil-mt|solo|LentMessages|1 MiB	0.103	18145242	176160768	84260204	93084260	18179363	0	0	0	0	4635
7	blake3-servil-st|shared|LentMessages|1 MiB	0.238	59796687	251658240	256692030	602100800	53772896	21303819	29031578	5950331	99631	4655
7	blake3-servil-st|solo|LentMessages|1 MiB	0.235	29561131	125829120	127837820	302418219	26889097	9535196	13148619	2657592	89945	4649
7	sha256|shared|ContinuousMessages|64 B	1.010	50648569	50162688	240820933	478566013	49506022	3845647	9009785	1053545	20837	4839
7	sha256|shared|LentMessages|1 MiB	0.481	48448342	100663296	228876887	257931076	48253419	250235	122397	73011	1510	4741
7	sha256|solo|ContinuousMessages|64 B	0.986	24735910	25081344	120466235	243786434	24682445	0	0	0	0	4881
7	sha256|solo|LentMessages|1 MiB	0.472	23771773	50331648	95134614	107521380	19806096	14472448	21504276	3995958	167882	4605
8	blake3-servil-mt|shared|ContinuousMessages|64 B	1.952	12280341	6291456	29903878	34470978	8281794	800248	975490	261850	30648	3594
8	blake3-servil-mt|shared|LentMessages|1 MiB	0.0911	32111852	352321536	134984068	123829379	29296240	10216863	5916585	2879826	89502	4513
8	blake3-servil-mt|solo|ContinuousMessages|64 B	1.442	4534868	3145728	15900718	17451779	3878692	0	0	0	0	4100
8	blake3-servil-mt|solo|LentMessages|1 MiB	0.103	18222414	176160768	79635666	88038764	17304955	3467163	3127327	954577	52278	4551
8	blake3-servil-st|shared|LentMessages|1 MiB	0.234	58954697	251658240	260117773	610621315	54753046	14924249	20511474	4063648	69090	4676
8	blake3-servil-st|solo|LentMessages|1 MiB	0.250	31491474	125829120	119525640	283292510	25083112	23674853	32273678	6424388	203900	4545
8	sha256|shared|ContinuousMessages|64 B	0.996	49905495	50088960	234214282	471467052	48134408	6530435	15392147	1753981	35158	4826
8	sha256|shared|LentMessages|1 MiB	0.483	48637628	100663296	226927274	254998992	48034336	2275313	3054810	639821	13144	4709
8	sha256|solo|ContinuousMessages|64 B	0.984	24649538	25044480	120135162	243428166	24674887	0	0	0	0	4869
8	sha256|solo|LentMessages|1 MiB	0.472	23750050	50331648	107916892	123630641	22574691	4334584	5394290	1172822	49387	4727
9	blake3-servil-mt|shared|ContinuousMessages|64 B	1.923	12098272	6291456	30346393	35548565	8434093	0	0	0	0	3598
9	blake3-servil-mt|shared|LentMessages|1 MiB	0.0867	61126675	704643072	230920780	212481013	49852809	40223099	23610022	11328092	185157	4432
9	blake3-servil-mt|solo|ContinuousMessages|64 B	1.256	3949908	3145728	14683282	17395791	3592652	0	0	0	0	4087
9	blake3-servil-mt|solo|LentMessages|1 MiB	0.0846	29822097	352321536	137678433	134494801	29852806	0	0	0	0	4612
9	blake3-servil-st|shared|LentMessages|1 MiB	0.248	62346402	251658240	251814469	587674602	53266409	32583466	43457784	8900513	143171	4575
9	blake3-servil-st|solo|LentMessages|1 MiB	0.247	31139625	125829120	122821859	289522654	26029677	18693812	26043455	5095276	163703	4547
9	sha256|shared|ContinuousMessages|64 B	0.991	48494011	48924672	228417414	461354958	46866375	6031690	14189191	1621053	33432	4835
9	sha256|shared|LentMessages|1 MiB	0.480	48364685	100663296	205876408	231173352	43463174	18036560	26880225	4936569	101995	4626
9	sha256|solo|ContinuousMessages|64 B	0.989	24181658	24462336	117367512	237770456	24111665	0	0	0	0	4868
9	sha256|solo|LentMessages|1 MiB	0.477	23997636	50331648	104939430	118272995	21912458	7241675	10752090	2020661	84429	4687
10	blake3-servil-mt|shared|ContinuousMessages|64 B	1.909	12011614	6291456	29971623	34366544	8169295	847879	1121870	387837	45323	3602
10	blake3-servil-mt|shared|LentMessages|1 MiB	0.0903	36376851	402653184	163308625	151224775	35335643	3796079	2203501	1079618	29647	4589
10	blake3-servil-mt|solo|ContinuousMessages|64 B	1.531	4816701	3145728	16142021	17493366	4279666	0	0	0	0	3772
10	blake3-servil-mt|solo|LentMessages|1 MiB	0.0998	20089118	201326592	92954495	103311248	20048264	0	0	0	0	4637
10	blake3-servil-st|shared|LentMessages|1 MiB	0.226	45571738	201326592	216684174	504916851	45585601	0	0	0	0	4753
10	blake3-servil-st|solo|LentMessages|1 MiB	0.284	28539964	100663296	84323054	197358016	17558851	40032223	55100337	11011765	385422	4353
10	sha256|shared|ContinuousMessages|64 B	0.989	48890076	49449984	229893903	466172087	47283147	6157952	14477191	1651622	33751	4824
10	sha256|shared|LentMessages|1 MiB	0.483	48604758	100663296	225465134	252677504	47559590	3617652	5376045	1010012	20795	4717
10	sha256|solo|ContinuousMessages|64 B	0.996	24626779	24724992	118456066	240323137	24647392	0	0	0	0	4806
10	sha256|solo|LentMessages|1 MiB	0.474	23864346	50331648	89431866	101128665	18676734	18847615	27896265	5205797	217975	4534
11	blake3-servil-mt|shared|ContinuousMessages|64 B	2.204	13864656	6291456	28274149	31168862	7790166	3533639	4431971	1531820	164323	3412
11	blake3-servil-mt|shared|LentMessages|1 MiB	0.0980	34541813	352321536	83593464	68729424	18304379	56434739	30825279	16062046	467376	4075
11	blake3-servil-mt|solo|ContinuousMessages|64 B	1.364	4290385	3145728	16392321	17493583	3940061	0	0	0	0	4160
11	blake3-servil-mt|solo|LentMessages|1 MiB	0.105	18581461	176160768	82067530	95319704	17782469	2486872	1681803	705290	38149	4574
11	blake3-servil-st|shared|LentMessages|1 MiB	0.293	73770693	251658240	203882803	480743623	43277116	111882532	150388541	30390505	412535	4286
11	blake3-servil-st|solo|LentMessages|1 MiB	0.246	30938754	125829120	121726697	289269075	25597235	19555763	26297192	5323668	172170	4569
11	sha256|shared|ContinuousMessages|64 B	1.005	50164589	49920000	226036592	452700622	46459709	13801959	32516900	3672138	73249	4784
11	sha256|shared|LentMessages|1 MiB	0.483	48638111	100663296	171868257	192653554	36141871	46028040	65399778	12515405	257215	4478
11	sha256|solo|ContinuousMessages|64 B	0.983	24539762	24960000	119906609	242607125	24559101	0	0	0	0	4882
11	sha256|solo|LentMessages|1 MiB	0.472	23760329	50331648	108009981	122213317	22512034	4684427	6811693	1278853	53753	4737
12	blake3-servil-mt|shared|ContinuousMessages|64 B	2.147	13508406	6291456	30261998	33723404	8252775	1436294	1837389	739039	82190	3525
12	blake3-servil-mt|shared|LentMessages|1 MiB	0.0925	60509950	654311424	169616791	151761317	36789636	83028974	46535018	23513683	389923	4190
12	blake3-servil-mt|solo|ContinuousMessages|64 B	1.235	3885892	3145728	15266453	17341323	3721620	0	0	0	0	4102
12	blake3-servil-mt|solo|LentMessages|1 MiB	0.0901	29475067	327155712	133147679	136234540	28806142	2345958	1245851	683434	23175	4595
12	blake3-servil-st|shared|LentMessages|1 MiB	0.268	53933992	201326592	185577633	432845013	39128068	53343511	72071956	14761586	273922	4434
12	blake3-servil-st|solo|LentMessages|1 MiB	0.246	24787251	100663296	97925880	231420223	20623906	15140658	21038204	4198380	169137	4555
12	sha256|shared|ContinuousMessages|64 B	0.993	48122263	48482304	215946036	438042490	44312598	14080880	33202074	3750578	78034	4786
12	sha256|shared|LentMessages|1 MiB	0.488	49137576	100663296	177892108	199302273	37759951	41245939	58751459	11402632	231937	4457
12	sha256|solo|ContinuousMessages|64 B	0.985	23887977	24241152	112608541	228270353	23041007	3121043	7350388	828083	34692	4849
12	sha256|solo|LentMessages|1 MiB	0.471	23729640	50331648	108400037	123649036	22751454	3612995	5376045	1010193	42513	4714
13	blake3-servil-mt|shared|ContinuousMessages|64 B	1.992	12535055	6291456	31506855	34226080	8745753	1062086	1415644	359359	39467	3577
13	blake3-servil-mt|shared|LentMessages|1 MiB	0.0911	59620048	654311424	200425694	181421194	43291231	57439435	30461877	16291617	273427	4328
13	blake3-servil-mt|solo|ContinuousMessages|64 B	1.324	4164966	3145728	14519005	17223548	3863301	2270	278	7234	1868	3752
13	blake3-servil-mt|solo|LentMessages|1 MiB	0.0880	28790787	327155712	131896158	134414631	28647497	596396	356804	174528	6055	4597
13	blake3-servil-st|shared|LentMessages|1 MiB	0.279	56072568	201326592	182748867	423391848	38397318	63487927	81524863	17726664	315848	4387
13	blake3-servil-st|solo|LentMessages|1 MiB	0.234	23509516	100663296	108831501	249730821	22869333	2198787	2727530	617681	26298	4727
13	sha256|shared|ContinuousMessages|64 B	0.990	49628933	50110464	229820766	466103666	47219275	8901989	20964531	2393108	48236	4812
13	sha256|shared|LentMessages|1 MiB	0.483	48644724	100663296	202906202	228075989	42926815	20973298	29977504	5713384	117462	4603
13	sha256|solo|ContinuousMessages|64 B	0.981	24581218	25055232	120066899	243532656	24606596	0	0	0	0	4879
13	sha256|solo|LentMessages|1 MiB	0.473	23819153	50331648	113529421	129024435	23776059	14734	585	10385	436	4773
14	blake3-servil-mt|shared|ContinuousMessages|64 B	1.908	12004790	6291456	31126681	34544369	8635232	823191	1106731	365352	40592	3550
14	blake3-servil-mt|shared|LentMessages|1 MiB	0.0905	59232158	654311424	224986438	205771702	48524237	37540834	20254871	10651248	179994	4436
14	blake3-servil-mt|solo|ContinuousMessages|64 B	1.252	3938549	3145728	14304877	17337156	3575135	0	0	0	0	4001
14	blake3-servil-mt|solo|LentMessages|1 MiB	0.0861	28166859	327155712	130358869	130640109	28197795	0	0	0	0	4623
14	blake3-servil-st|shared|LentMessages|1 MiB	0.232	58427323	251658240	275969114	630494082	58232876	608707	638369	174859	2993	4735
14	blake3-servil-st|solo|LentMessages|1 MiB	0.233	29315522	125829120	127926357	304256042	26985178	8266354	11310153	2308611	78808	4649
14	sha256|shared|ContinuousMessages|64 B	0.987	48467888	49102848	227626511	461561998	46720230	6680935	15713536	1787770	36855	4830
14	sha256|shared|LentMessages|1 MiB	0.492	49533293	100663296	228649870	251874098	48345328	4255447	6179389	1193059	24083	4702
14	sha256|solo|ContinuousMessages|64 B	0.992	24360253	24551424	118522721	238636286	24343924	0	0	0	0	4869
14	sha256|solo|LentMessages|1 MiB	0.472	23732363	50331648	113568802	129025080	23759518	0	0	0	0	4780
15	blake3-servil-mt|shared|ContinuousMessages|64 B	1.904	11976945	6291456	29745679	33088085	7743702	1817033	2385536	978063	112140	3619
15	blake3-servil-mt|shared|LentMessages|1 MiB	0.0896	36059218	402653184	157628630	145877243	34075649	7076954	3898130	2018489	55922	4563
15	blake3-servil-mt|solo|ContinuousMessages|64 B	1.291	4061528	3145728	15085555	17377722	3838392	0	0	0	0	3930
15	blake3-servil-mt|solo|LentMessages|1 MiB	0.0998	20101578	201326592	92548008	106254323	20129307	0	0	0	0	4598
15	blake3-servil-st|shared|LentMessages|1 MiB	0.228	45834701	201326592	215622157	503884684	45633237	861138	1033077	247093	5385	4718
15	blake3-servil-st|solo|LentMessages|1 MiB	0.235	23646571	100663296	103964085	244569290	21982644	5943383	7889066	1660669	70238	4649
15	sha256|shared|ContinuousMessages|64 B	0.991	49669314	50119680	230146166	466857385	47280759	8625991	20301148	2440740	49088	4802
15	sha256|shared|LentMessages|1 MiB	0.480	48344613	100663296	228347360	258054525	48382385	0	0	0	0	4720
15	sha256|solo|ContinuousMessages|64 B	0.997	24996593	25059840	110108473	222340895	22579115	8997935	21236473	2387279	95619	4771
15	sha256|solo|LentMessages|1 MiB	0.474	23847906	50331648	113509143	129025087	23872645	0	0	0	0	4755
16	blake3-servil-mt|shared|ContinuousMessages|64 B	2.049	12893153	6291456	31560744	34444881	8578371	838440	1203171	545032	59739	3551
16	blake3-servil-mt|shared|LentMessages|1 MiB	0.0925	32600140	352321536	139266637	126711916	30234336	8590765	4618713	2418136	74056	4528
16	blake3-servil-mt|solo|ContinuousMessages|64 B	1.293	4066957	3145728	15242309	17487745	3763703	0	0	0	0	4050
16	blake3-servil-mt|solo|LentMessages|1 MiB	0.102	17956984	176160768	82987751	93600387	17992316	0	0	0	0	4612
16	blake3-servil-st|shared|LentMessages|1 MiB	0.242	60983891	251658240	251518284	591686748	53208393	29118513	39445787	7828435	128257	4598
16	blake3-servil-st|solo|LentMessages|1 MiB	0.227	28553507	125829120	131688042	311846271	27772903	2844456	3720204	797366	27908	4709
16	sha256|shared|ContinuousMessages|64 B	0.988	49588479	50187264	232948470	472467106	47833032	6525778	15347627	1752648	35345	4830
16	sha256|shared|LentMessages|1 MiB	0.494	49717519	100663296	220617567	241925437	46739565	10880190	16128135	2984323	60017	4656
16	sha256|solo|ContinuousMessages|64 B	0.983	24655122	25093632	120501889	243905863	24681341	0	0	0	0	4882
16	sha256|solo|LentMessages|1 MiB	0.475	23890494	50331648	113998735	129025371	23908743	0	0	0	0	4768
17	blake3-servil-mt|shared|ContinuousMessages|64 B	1.894	11918289	6291456	31041128	34444970	8279717	843521	1156814	384500	44377	3680
17	blake3-servil-mt|shared|LentMessages|1 MiB	0.0918	55458933	603979776	232576762	237023529	50127738	19097348	11164626	5394793	97164	4533
17	blake3-servil-mt|solo|ContinuousMessages|64 B	1.288	4052896	3145728	14830792	17287863	3728497	0	0	0	0	3978
17	blake3-servil-mt|solo|LentMessages|1 MiB	0.0868	26201094	301989888	119753299	116315065	25923330	0	0	0	0	4620
17	blake3-servil-st|shared|LentMessages|1 MiB	0.249	62632149	251658240	246936669	578538147	52295674	38045648	52594382	10406541	165967	4545
17	blake3-servil-st|solo|LentMessages|1 MiB	0.265	33336344	125829120	116104774	272336130	24405578	32081876	43230061	8957223	268479	4442
17	sha256|shared|ContinuousMessages|64 B	0.991	49049415	49505280	222364755	451109700	45709592	12768078	30077033	3395811	69153	4788
17	sha256|shared|LentMessages|1 MiB	0.481	48377937	100663296	211316148	236916168	44519837	14167196	21137291	3904627	80633	4656
17	sha256|solo|ContinuousMessages|64 B	0.981	24287582	24752640	118860357	240591840	24316639	0	0	0	0	4888
17	sha256|solo|LentMessages|1 MiB	0.473	23789082	50331648	104656096	118272991	21892412	7122188	10752090	1883405	79215	4701
18	blake3-servil-mt|shared|ContinuousMessages|64 B	1.917	12062027	6291456	30810373	34464010	8451922	810964	1096548	367327	41650	3585
18	blake3-servil-mt|shared|LentMessages|1 MiB	0.0882	44394109	503316480	178490994	164718725	38573579	20798669	12305163	5890628	132480	4482
18	blake3-servil-mt|solo|ContinuousMessages|64 B	1.232	3876343	3145728	15089760	17351246	3677464	0	0	0	0	4103
18	blake3-servil-mt|solo|LentMessages|1 MiB	0.0919	23139130	251658240	107078487	110667233	23171140	0	0	0	0	4621
18	blake3-servil-st|shared|LentMessages|1 MiB	0.242	61008985	251658240	253046686	594013651	53640787	27172768	37118813	7332022	120250	4596
18	blake3-servil-st|solo|LentMessages|1 MiB	0.227	28518503	125829120	132455796	313030553	27967049	1859611	2535636	523442	18372	4714
18	sha256|shared|ContinuousMessages|64 B	0.992	48978879	49351680	227617656	461478656	46840118	7732888	18215202	2066392	42251	4812
18	sha256|shared|LentMessages|1 MiB	0.484	48676117	100663296	219860594	247301436	46709250	7209670	10752090	2012727	41310	4661
18	sha256|solo|ContinuousMessages|64 B	0.987	24361828	24675840	118685084	239845440	24389165	0	0	0	0	4866
18	sha256|solo|LentMessages|1 MiB	0.472	23766473	50331648	113423914	129025080	23796661	0	0	0	0	4766
19	blake3-servil-mt|shared|ContinuousMessages|64 B	1.814	11415137	6291456	28035034	33213043	7473689	1688676	2274143	783689	94907	3600
19	blake3-servil-mt|shared|LentMessages|1 MiB	0.0881	44355577	503316480	174755321	163851153	37765923	23652254	13366267	6676118	150220	4464
19	blake3-servil-mt|solo|ContinuousMessages|64 B	1.323	4161626	3145728	14777912	17323067	3721277	0	0	0	0	3971
19	blake3-servil-mt|solo|LentMessages|1 MiB	0.0934	23507037	251658240	107388368	109692684	23244034	0	0	0	0	4620
19	blake3-servil-st|shared|LentMessages|1 MiB	0.256	51473477	201326592	194293999	452321348	40891233	38801899	52595510	10598702	205840	4527
19	blake3-servil-st|solo|LentMessages|1 MiB	0.239	24029463	100663296	102352397	241261947	21623843	8488715	11196328	2390463	99543	4616
19	sha256|shared|ContinuousMessages|64 B	0.993	48832899	49173504	225898680	458044266	46490881	8475624	19918047	2397251	49035	4794
19	sha256|shared|LentMessages|1 MiB	0.477	48066438	100663296	213765703	241925414	45041832	10852858	16128135	3031125	63052	4672
19	sha256|solo|ContinuousMessages|64 B	0.994	24446872	24586752	108034092	219064650	22183787	8442188	19914968	2232910	91450	4770
19	sha256|solo|LentMessages|1 MiB	0.471	23700218	50331648	108918119	123649039	22787143	3564826	5376045	946182	39867	4739
20	blake3-servil-mt|shared|ContinuousMessages|64 B	2.022	13129827	6494208	30498993	34756991	8098885	1379068	1892615	537288	62213	3691
20	blake3-servil-mt|shared|LentMessages|1 MiB	0.0916	64554498	704643072	224108397	207729703	48356247	57676746	31467215	16252508	251552	4361
20	blake3-servil-mt|solo|ContinuousMessages|64 B	1.249	4054311	3247104	13444008	17730503	3448025	0	0	0	0	3899
20	blake3-servil-mt|solo|LentMessages|1 MiB	0.0846	29810286	352321536	138010823	134761017	29845225	0	0	0	0	4624
20	blake3-servil-st|shared|LentMessages|1 MiB	0.246	61836256	251658240	250302338	585856053	52708048	33423397	45276259	9117561	147472	4589
20	blake3-servil-st|solo|LentMessages|1 MiB	0.260	32740615	125829120	117620249	276120483	24753907	28438693	39445787	7927468	242568	4469
20	sha256|shared|ContinuousMessages|64 B	0.995	49873414	50147328	226356251	459166766	46648123	12137582	28259824	3237695	64902	4781
20	sha256|shared|LentMessages|1 MiB	0.488	49164960	100663296	213227796	236549372	45027422	14982889	21504180	4183916	85019	4637
20	sha256|solo|ContinuousMessages|64 B	0.985	24686403	25073664	120158159	243711795	24670847	0	0	0	0	4870
20	sha256|solo|LentMessages|1 MiB	0.476	23978358	50331648	101200931	114285470	21179055	9972101	14739537	2735927	114402	4649
21	blake3-servil-mt|shared|ContinuousMessages|64 B	2.362	15520373	6571008	32542941	35916609	8729391	901260	1217329	544983	58762	3606
21	blake3-servil-mt|shared|LentMessages|1 MiB	0.0888	53662617	603979776	218491596	193907050	47188459	22719725	13200700	6388998	119247	4502
21	blake3-servil-mt|solo|ContinuousMessages|64 B	1.542	5067676	3285504	16570157	18220563	4229921	0	0	0	0	3917
21	blake3-servil-mt|solo|LentMessages|1 MiB	0.0898	27113547	301989888	124889290	129797981	27073997	0	0	0	0	4613
21	blake3-servil-st|shared|LentMessages|1 MiB	0.242	48712547	201326592	220415653	494398034	46644523	7633778	10519114	2121493	43503	4676
21	blake3-servil-st|solo|LentMessages|1 MiB	0.262	26408947	100663296	94827991	220901122	20018854	23020021	31557306	6421247	242860	4457
21	sha256|shared|ContinuousMessages|64 B	1.018	49784390	48900096	231754084	460293108	47650026	6380060	15011959	2092713	42070	4787
21	sha256|shared|LentMessages|1 MiB	0.498	50097891	100663296	226345899	247301726	48098304	7217901	10752102	2014761	40204	4661
21	sha256|solo|ContinuousMessages|64 B	0.992	24257680	24450048	112306400	227748905	23092128	4197642	9902127	1117041	46141	4812
21	sha256|solo|LentMessages|1 MiB	0.475	23883847	50331648	97899818	110607428	20539822	12327620	18417578	3363364	140707	4611
22	blake3-servil-mt|shared|ContinuousMessages|64 B	2.038	12824185	6291456	31923644	34519037	8842531	843473	1141725	376686	40858	3554
22	blake3-servil-mt|shared|LentMessages|1 MiB	0.0900	36232757	402653184	148771053	137848692	32105236	14871370	8212905	4201675	115726	4507
22	blake3-servil-mt|solo|ContinuousMessages|64 B	1.289	4053694	3145728	14894105	17280439	3818423	0	0	0	0	3901
22	blake3-servil-mt|solo|LentMessages|1 MiB	0.0956	19250682	201326592	88807003	96287544	19282985	0	0	0	0	4605
22	blake3-servil-st|shared|LentMessages|1 MiB	0.238	59998065	251658240	258219102	604835342	54837517	19047677	26297191	5218954	86900	4617
22	blake3-servil-st|solo|LentMessages|1 MiB	0.254	31905393	125829120	118941181	283006150	25107095	23977033	32559817	6676075	210050	4497
22	sha256|shared|ContinuousMessages|64 B	1.009	50730448	50300928	235903453	468544871	48479039	8640875	20374544	2301694	45326	4816
22	sha256|shared|LentMessages|1 MiB	0.480	48291615	100663296	216113498	244297677	45671579	9537021	13755800	2583963	53547	4676
22	sha256|solo|ContinuousMessages|64 B	0.983	24733024	25150464	120697750	244458194	24743865	0	0	0	0	4878
22	sha256|solo|LentMessages|1 MiB	0.474	23870676	50331648	98031480	111251139	20481216	12212551	17773867	3417458	142997	4613
23	blake3-servil-mt|shared|ContinuousMessages|64 B	1.899	11947465	6291456	31286793	33726394	8531874	1386333	1852692	697352	75559	3540
23	blake3-servil-mt|shared|LentMessages|1 MiB	0.0883	62238035	704643072	270456844	254507007	58319164	13813836	7505111	3930292	63137	4567
23	blake3-servil-mt|solo|ContinuousMessages|64 B	1.254	3945902	3145728	15590522	17429464	3842354	0	0	0	0	4058
23	blake3-servil-mt|solo|LentMessages|1 MiB	0.0857	30180985	352321536	139515616	139689852	30190045	0	0	0	0	4621
23	blake3-servil-st|shared|LentMessages|1 MiB	0.228	45933960	201326592	216132847	504649778	45778984	374095	266997	111831	2436	4718
23	blake3-servil-st|solo|LentMessages|1 MiB	0.238	23958559	100663296	103172643	241939325	21857841	7644295	10519102	2131715	88860	4619
23	sha256|shared|ContinuousMessages|64 B	0.997	49008821	49164288	222957731	452215924	46152407	10885071	25656755	2900557	59131	4767
23	sha256|shared|LentMessages|1 MiB	0.483	48571430	100663296	224816836	252677481	47611231	3616743	5376045	1008390	20740	4698
23	sha256|solo|ContinuousMessages|64 B	0.981	24122039	24582144	117824576	238934839	24144280	0	0	0	0	4880
23	sha256|solo|LentMessages|1 MiB	0.475	23916595	50331648	103393825	117948494	21768459	7747062	11076436	2120042	88747	4652
24	blake3-servil-mt|shared|ContinuousMessages|64 B	1.999	12578451	6291456	28218111	33720226	8325576	1404681	1779353	537945	60692	3342
24	blake3-servil-mt|shared|LentMessages|1 MiB	0.0908	31977820	352321536	139285256	127842231	30175491	6457366	3706906	1849453	57750	4551
24	blake3-servil-mt|solo|ContinuousMessages|64 B	1.232	3874500	3145728	15033074	17333481	3742609	0	0	0	0	4017
24	blake3-servil-mt|solo|LentMessages|1 MiB	0.104	18391632	176160768	80818037	91447329	17574728	3121350	2611774	860899	46697	4553
24	blake3-servil-st|shared|LentMessages|1 MiB	0.237	59559731	251658240	257518882	604835345	54391859	19395080	26297192	5224281	87631	4645
24	blake3-servil-st|solo|LentMessages|1 MiB	0.241	30262188	125829120	125616119	297771672	26639488	12847850	17794518	3510104	116422	4593
24	sha256|shared|ContinuousMessages|64 B	1.013	49808836	49167360	234065465	463243293	48125717	6230815	14659181	1682151	33772	4824
24	sha256|shared|LentMessages|1 MiB	0.490	49340993	100663296	220240631	247301610	47246639	7521809	10752090	2103732	42628	4615
24	sha256|solo|ContinuousMessages|64 B	0.985	24218431	24583680	118076309	238949766	24245268	0	0	0	0	4870
24	sha256|solo|LentMessages|1 MiB	0.473	23819356	50331648	103772748	118272991	21735994	7779360	10752090	2117125	88756	4677
25	blake3-servil-mt|shared|ContinuousMessages|64 B	1.916	12053558	6291456	31228739	34909099	8662225	561029	708067	175625	19871	3597
25	blake3-servil-mt|shared|LentMessages|1 MiB	0.0896	36093347	402653184	151904807	141324606	32965345	11299107	6519289	3191327	88263	4514
25	blake3-servil-mt|solo|ContinuousMessages|64 B	1.261	3965546	3145728	15352978	17320309	3746361	0	0	0	0	4098
25	blake3-servil-mt|solo|LentMessages|1 MiB	0.0966	19444620	201326592	89325857	97526746	19466330	0	0	0	0	4589
25	blake3-servil-st|shared|LentMessages|1 MiB	0.231	58093014	251658240	264212625	617983934	55545385	9495141	13148595	2611665	44907	4706
25	blake3-servil-st|solo|LentMessages|1 MiB	0.236	29730919	125829120	126658394	300885420	26695675	10965078	14680695	3013498	101433	4632
25	sha256|shared|ContinuousMessages|64 B	0.986	47935363	48608256	229698014	465957208	47149865	2783421	6511329	773615	16142	4851
25	sha256|shared|LentMessages|1 MiB	0.486	48928487	100663296	226338706	252768817	47980645	3557314	5284643	994827	20312	4694
25	sha256|solo|ContinuousMessages|64 B	0.985	23931776	24304128	115560413	233744412	23623022	1088702	2488378	293074	12254	4877
25	sha256|solo|LentMessages|1 MiB	0.477	23983488	50331648	109922155	123649037	23008646	3583026	5376045	1003159	41777	4727
26	blake3-servil-mt|shared|ContinuousMessages|64 B	1.988	12507677	6291456	30625554	33719654	8461257	1488773	1865386	566489	62749	3557
26	blake3-servil-mt|shared|LentMessages|1 MiB	0.0889	62661717	704643072	236480595	214930169	51029566	41320928	23717046	11672538	186158	4430
26	blake3-servil-mt|solo|ContinuousMessages|64 B	1.485	4670293	3145728	14713552	17269719	3611465	0	0	0	0	4074
26	blake3-servil-mt|solo|LentMessages|1 MiB	0.0874	30784577	352321536	140654636	139257668	30461040	0	0	0	0	4618
26	blake3-servil-st|shared|LentMessages|1 MiB	0.240	60365197	251658240	258116593	605420498	55127145	18868987	25711888	5233042	86696	4589
26	blake3-servil-st|solo|LentMessages|1 MiB	0.245	30796242	125829120	124002379	294157875	26210338	15970113	21408453	4472962	145778	4562
26	sha256|shared|ContinuousMessages|64 B	0.996	48137071	48331776	221913453	448853119	45794027	8902556	20928589	2381110	49426	4791
26	sha256|shared|LentMessages|1 MiB	0.486	48942887	100663296	211454590	239078604	45288227	13229712	18974853	3642124	74434	4592
26	sha256|solo|ContinuousMessages|64 B	0.990	23916915	24165888	116105318	234889344	23943639	0	0	0	0	4849
26	sha256|solo|LentMessages|1 MiB	0.476	23979372	50331648	106369689	120560305	22344402	5852783	8464922	1646934	68647	4678
27	blake3-servil-mt|shared|ContinuousMessages|64 B	2.051	12902780	6291456	32484012	35574795	9245090	0	0	0	0	3514
27	blake3-servil-mt|shared|LentMessages|1 MiB	0.0940	61479051	654311424	264527599	280315736	57129035	15171829	8295313	4313511	70203	4552
27	blake3-servil-mt|solo|ContinuousMessages|64 B	1.306	4107584	3145728	14660156	17295332	3636740	0	0	0	0	4031
27	blake3-servil-mt|solo|LentMessages|1 MiB	0.0879	28747029	327155712	133093469	134297568	28769334	0	0	0	0	4626
27	blake3-servil-st|shared|LentMessages|1 MiB	0.235	47357549	201326592	214378266	495102945	45396856	7235849	9813832	1995153	42098	4676
27	blake3-servil-st|solo|LentMessages|1 MiB	0.228	22988811	100663296	108603330	252457765	22977166	84070	585	26047	1132	4725
27	sha256|shared|ContinuousMessages|64 B	0.996	49619944	49818624	234794125	476083695	48520942	3472452	8148231	954706	19296	4816
27	sha256|shared|LentMessages|1 MiB	0.490	49287640	100663296	225270886	252677504	48320476	3632842	5376045	1013977	20553	4640
27	sha256|solo|ContinuousMessages|64 B	0.987	24584232	24909312	119450529	242114496	24611212	0	0	0	0	4854
27	sha256|solo|LentMessages|1 MiB	0.477	23991557	50331648	113995867	129025084	24007646	0	0	0	0	4748
28	blake3-servil-mt|shared|ContinuousMessages|64 B	1.938	12191566	6291456	31237326	34419744	8452516	816955	1098811	371710	42123	3633
28	blake3-servil-mt|shared|LentMessages|1 MiB	0.0909	32020066	352321536	144995521	130831694	31444836	2253499	1253391	631455	19686	4591
28	blake3-servil-mt|solo|ContinuousMessages|64 B	1.170	3679032	3145728	14056108	17253305	3426097	0	0	0	0	4103
28	blake3-servil-mt|solo|LentMessages|1 MiB	0.106	18653720	176160768	85552200	98746718	18678241	0	0	0	0	4580
28	blake3-servil-st|shared|LentMessages|1 MiB	0.238	59772546	251658240	271618753	617983938	57148267	9563389	13148596	2645373	44241	4703
28	blake3-servil-st|solo|LentMessages|1 MiB	0.239	30090226	125829120	126402118	299296581	26706989	12018213	16269610	3356260	111639	4604
28	sha256|shared|ContinuousMessages|64 B	1.006	50043941	49741824	235416828	467992844	48287064	6579626	15492752	1761926	35204	4835
28	sha256|shared|LentMessages|1 MiB	0.482	48482876	100663296	229873703	258053529	48538868	0	0	0	0	4736
28	sha256|solo|ContinuousMessages|64 B	1.000	24877176	24870912	119494551	241741298	24856981	0	0	0	0	4807
28	sha256|solo|LentMessages|1 MiB	0.473	23809404	50331648	112733251	128274342	23598195	640918	750664	186805	7853	4767
29	blake3-servil-mt|shared|ContinuousMessages|64 B	1.967	12377197	6291456	30092386	33656529	8386865	1424432	1857888	556397	62214	3524
29	blake3-servil-mt|shared|LentMessages|1 MiB	0.0900	36232434	402653184	145238691	133875286	31438359	16833368	10061357	4755194	131382	4478
29	blake3-servil-mt|solo|ContinuousMessages|64 B	1.520	4782581	3145728	16471513	17603049	3993461	0	0	0	0	4125
29	blake3-servil-mt|solo|LentMessages|1 MiB	0.0968	19479083	201326592	89879919	100098728	19499074	0	0	0	0	4609
29	blake3-servil-st|shared|LentMessages|1 MiB	0.235	59172838	251658240	256181950	604835336	54021121	19006594	26297193	5227279	88226	4645
29	blake3-servil-st|solo|LentMessages|1 MiB	0.262	32964317	125829120	116573194	276120479	25059184	28564574	39445787	7927073	240314	4400
29	sha256|shared|ContinuousMessages|64 B	0.990	48975952	49468416	228698180	463815985	47022288	7230950	17012352	1939990	39622	4819
29	sha256|shared|LentMessages|1 MiB	0.486	48922615	100663296	229559364	257062938	48635992	774633	990518	218316	4468	4715
29	sha256|solo|ContinuousMessages|64 B	0.981	24265732	24734208	118678420	240412705	24291125	0	0	0	0	4886
29	sha256|solo|LentMessages|1 MiB	0.475	23917766	50331648	103208475	116950015	21673024	8111119	12074994	2167435	90914	4669
30	blake3-servil-mt|shared|ContinuousMessages|64 B	1.934	12165676	6291456	29774831	33648751	7959942	1433602	1863923	709275	81815	3600
30	blake3-servil-mt|shared|LentMessages|1 MiB	0.0917	64641074	704643072	247323040	211535828	53338491	39593718	21852627	11236642	174008	4443
30	blake3-servil-mt|solo|ContinuousMessages|64 B	1.493	4695493	3145728	15578743	17544856	3933157	0	0	0	0	3961
30	blake3-servil-mt|solo|LentMessages|1 MiB	0.0871	30702846	352321536	141388293	140738300	30618046	0	0	0	0	4618
30	blake3-servil-st|shared|LentMessages|1 MiB	0.258	51875263	201326592	210981138	468099900	44612859	26927017	36816881	7315372	140874	4581
30	blake3-servil-st|solo|LentMessages|1 MiB	0.225	22660198	100663296	107445904	252458424	22685646	0	0	0	0	4736
30	sha256|shared|ContinuousMessages|64 B	1.008	50544516	50131968	238841646	474322429	49101336	5506227	12954884	1484708	29350	4830
30	sha256|shared|LentMessages|1 MiB	0.508	51111972	100663296	230565983	247299757	48821782	7483976	10753773	2249576	44047	4661
30	sha256|solo|ContinuousMessages|64 B	0.987	24733183	25065984	120413823	243637159	24749298	0	0	0	0	4865
30	sha256|solo|LentMessages|1 MiB	0.475	23891216	50331648	103546877	117434093	21685521	7935473	11590837	2222734	92969	4663
31	blake3-servil-mt|shared|ContinuousMessages|64 B	1.859	11697860	6291456	28618086	33318536	7783445	1659928	2135173	522600	62918	3645
31	blake3-servil-mt|shared|LentMessages|1 MiB	0.0901	31754826	352321536	126460940	116218161	27400740	15435516	8829825	4401905	138413	4462
31	blake3-servil-mt|solo|ContinuousMessages|64 B	1.211	3810703	3145728	15109521	17248088	3605626	0	0	0	0	4191
31	blake3-servil-mt|solo|LentMessages|1 MiB	0.106	18653792	176160768	86174241	96234511	18693454	0	0	0	0	4610
31	blake3-servil-st|shared|LentMessages|1 MiB	0.238	59945764	251658240	256329392	601946933	53930624	21644386	29185459	5921318	98932	4644
31	blake3-servil-st|solo|LentMessages|1 MiB	0.240	30171813	125829120	125898464	297609150	26505520	13135759	17957037	3667701	121554	4608
31	sha256|shared|ContinuousMessages|64 B	0.993	48705753	49069056	220174245	446551085	45265755	12899371	30395971	3441389	70654	4785
31	sha256|shared|LentMessages|1 MiB	0.480	48317223	100663296	204776492	231173300	43078544	18931919	26880225	5292253	109410	4625
31	sha256|solo|ContinuousMessages|64 B	0.994	24383677	24534528	109427086	221458029	22441334	7225750	17013962	1917954	78736	4789
31	sha256|solo|LentMessages|1 MiB	0.473	23813873	50331648	109384737	123649036	22825060	3635453	5376045	1016979	42654	4740
32	blake3-servil-mt|shared|ContinuousMessages|64 B	2.039	12830666	6291456	30613877	33760833	8368425	1564111	1888668	752747	82527	3528
32	blake3-servil-mt|shared|LentMessages|1 MiB	0.0894	40475402	452984832	177144023	164502679	38409134	7369658	4084516	2087042	51536	4556
32	blake3-servil-mt|solo|ContinuousMessages|64 B	1.379	4338653	3145728	16561635	17568432	4068305	0	0	0	0	4071
32	blake3-servil-mt|solo|LentMessages|1 MiB	0.0955	21632920	226492416	99561983	106174532	21658040	0	0	0	0	4597
32	blake3-servil-st|shared|LentMessages|1 MiB	0.232	58481979	251658240	264356145	617983941	55874483	9531064	13148595	2617119	44743	4683
32	blake3-servil-st|solo|LentMessages|1 MiB	0.247	31097027	125829120	122186497	289040812	25793781	19355875	26525375	5259602	169372	4558
32	sha256|shared|ContinuousMessages|64 B	0.999	50025405	50095104	227396965	460893796	46740951	11042112	26025240	3329127	66489	4762
32	sha256|shared|LentMessages|1 MiB	0.482	48504894	100663296	224332107	252677503	47553348	3613584	5376045	957087	19729	4699
32	sha256|solo|ContinuousMessages|64 B	0.985	24666712	25047552	120205592	243458018	24693105	0	0	0	0	4868
32	sha256|solo|LentMessages|1 MiB	0.476	23944443	50331648	96729721	109527047	20243702	13265061	19497960	3716087	155096	4591
33	blake3-servil-mt|shared|ContinuousMessages|64 B	2.079	13562076	6521856	28316380	32738392	7437996	3013358	3991818	1404038	158791	3543
33	blake3-servil-mt|shared|LentMessages|1 MiB	0.0880	53121559	603979776	209210483	193920147	45328526	27711909	15865059	7840371	147461	4456
33	blake3-servil-mt|solo|ContinuousMessages|64 B	1.504	4903047	3260928	15314611	17937221	3793835	0	0	0	0	4037
33	blake3-servil-mt|solo|LentMessages|1 MiB	0.0875	26430320	301989888	122303418	121269196	26423689	0	0	0	0	4629
33	blake3-servil-st|shared|LentMessages|1 MiB	0.238	47973897	201326592	208157312	483878651	43774231	15249210	21038204	4255286	88597	4651
33	blake3-servil-st|solo|LentMessages|1 MiB	0.240	24144616	100663296	101351084	238311771	21265470	10395037	14146579	2902165	120084	4624
33	sha256|shared|ContinuousMessages|64 B	0.991	49580026	50045952	228535500	463334587	46900857	9812732	23106704	2633368	53162	4812
33	sha256|shared|LentMessages|1 MiB	0.481	48442804	100663296	219177060	246362270	46256805	7992019	11691181	2225994	45913	4686
33	sha256|solo|ContinuousMessages|64 B	0.988	24731881	25022976	119970492	243219461	24627625	0	0	0	0	4871
33	sha256|solo|LentMessages|1 MiB	0.472	23755594	50331648	107264070	121953428	22427543	4822303	7071577	1352018	56856	4714
34	blake3-servil-mt|shared|ContinuousMessages|64 B	1.953	12289640	6291456	30950769	35546270	8633042	0	0	0	0	3585
34	blake3-servil-mt|shared|LentMessages|1 MiB	0.0884	40053077	452984832	162501936	148618705	35131669	17429943	9807598	4962850	123778	4488
34	blake3-servil-mt|solo|ContinuousMessages|64 B	1.288	4050367	3145728	15152505	17200529	3670741	0	0	0	0	4128
34	blake3-servil-mt|solo|LentMessages|1 MiB	0.0949	21491503	226492416	99482773	106535975	21525310	0	0	0	0	4622
34	blake3-servil-st|shared|LentMessages|1 MiB	0.238	59945555	251658240	256105074	600646364	53951449	22258000	30486764	6001197	100098	4643
34	blake3-servil-st|solo|LentMessages|1 MiB	0.239	30012434	125829120	128075078	300607288	26896959	10998706	14958755	3006815	100549	4651
34	sha256|shared|ContinuousMessages|64 B	0.992	47484222	47880192	221242848	448757918	45535042	7066896	16634814	1892544	39903	4814
34	sha256|shared|LentMessages|1 MiB	0.484	48697874	100663296	219815116	247302105	46407366	7251258	10752118	2024990	41810	4688
34	sha256|solo|ContinuousMessages|64 B	0.985	23592963	23940096	114706359	232694938	23546425	0	0	0	0	4871
34	sha256|solo|LentMessages|1 MiB	0.473	23805345	50331648	103473854	117505178	21599376	7947360	11519826	2229508	93563	4676
35	blake3-servil-mt|shared|ContinuousMessages|64 B	2.248	14141646	6291456	29584566	33427193	8069993	1577052	2153690	982493	108532	3442
35	blake3-servil-mt|shared|LentMessages|1 MiB	0.0904	59181548	654311424	204462398	190879283	43999617	54298470	30710659	15247847	257358	4367
35	blake3-servil-mt|solo|ContinuousMessages|64 B	1.200	3774608	3145728	14513319	17353875	3601349	0	0	0	0	4030
35	blake3-servil-mt|solo|LentMessages|1 MiB	0.0892	29187067	327155712	134383158	131145755	29147486	0	0	0	0	4610
35	blake3-servil-st|shared|LentMessages|1 MiB	0.251	63138140	251658240	246632356	576955198	52380891	39382777	54177263	10814250	171124	4526
35	blake3-servil-st|solo|LentMessages|1 MiB	0.236	29670106	125829120	127955734	302417664	26909749	10047414	13148596	2787531	93864	4647
35	sha256|shared|ContinuousMessages|64 B	0.990	49283790	49760256	228579522	463509164	47039935	8570380	20155653	2293126	46482	4807
35	sha256|shared|LentMessages|1 MiB	0.485	48831594	100663296	220324854	247301462	46812441	7496153	10752090	2042474	41806	4663
35	sha256|solo|ContinuousMessages|64 B	0.988	24577530	24880128	119721516	241830866	24544311	0	0	0	0	4878
35	sha256|solo|LentMessages|1 MiB	0.477	24012748	50331648	95121344	107520902	19969861	14558820	21504181	4073550	169424	4562
36	blake3-servil-mt|shared|ContinuousMessages|64 B	2.043	12853290	6291456	29527602	32525668	8039183	2289437	3109462	1121647	122439	3473
36	blake3-servil-mt|shared|LentMessages|1 MiB	0.0878	53009626	603979776	224663788	208138829	48449617	16352089	9478597	4612039	86918	4542
36	blake3-servil-mt|solo|ContinuousMessages|64 B	1.252	3938250	3145728	15119486	17361053	3710578	0	0	0	0	4075
36	blake3-servil-mt|solo|LentMessages|1 MiB	0.0920	27780715	301989888	119898153	124436535	25999686	5374881	3957445	1499454	54527	4556
36	blake3-servil-st|shared|LentMessages|1 MiB	0.230	46229597	201326592	218338351	504916852	46283278	0	0	0	0	4717
36	blake3-servil-st|solo|LentMessages|1 MiB	0.266	26814842	100663296	93109917	217636415	19599831	25666540	34821862	7169284	267819	4437
36	sha256|shared|ContinuousMessages|64 B	0.991	48670357	49118208	223303770	452861344	45876847	10427581	24563434	2782650	57186	4803
36	sha256|shared|LentMessages|1 MiB	0.484	48700736	100663296	224326145	252677482	47745959	3601704	5376045	1003989	20594	4675
36	sha256|solo|ContinuousMessages|64 B	0.981	24088315	24559104	117731336	238710913	24108397	0	0	0	0	4883
36	sha256|solo|LentMessages|1 MiB	0.473	23805798	50331648	99802035	112896283	20838759	10929566	16128721	2991929	125549	4647
37	blake3-servil-mt|shared|ContinuousMessages|64 B	1.989	12512244	6291456	30862606	34368441	8179717	934610	1248380	572092	65368	3633
37	blake3-servil-mt|shared|LentMessages|1 MiB	0.0893	58431394	654311424	242545421	223515635	52458625	20849617	11109921	5912061	101284	4512
37	blake3-servil-mt|solo|ContinuousMessages|64 B	1.214	3818842	3145728	15045938	17312216	3675608	0	0	0	0	4093
37	blake3-servil-mt|solo|LentMessages|1 MiB	0.0868	28398601	327155712	131002104	131065916	28396062	0	0	0	0	4613
37	blake3-servil-st|shared|LentMessages|1 MiB	0.230	57941053	251658240	262144668	617983938	55240121	9520426	13148596	2625447	45371	4695
37	blake3-servil-st|solo|LentMessages|1 MiB	0.253	31822857	125829120	119093575	281911464	25015325	24441862	33654648	6825597	214365	4508
37	sha256|shared|ContinuousMessages|64 B	0.994	49084037	49394688	231395085	467624526	47698434	5307468	12487666	1430646	29120	4818
37	sha256|shared|LentMessages|1 MiB	0.478	48159027	100663296	224350480	252677484	47258994	3610302	5376045	956688	19841	4728
37	sha256|solo|ContinuousMessages|64 B	0.989	24436107	24697344	113503250	230052165	23296937	4240912	10002269	1124216	46034	4821
37	sha256|solo|LentMessages|1 MiB	0.471	23710702	50331648	109005591	123649036	22761510	3543960	5376045	975770	41107	4741
38	blake3-servil-mt|shared|ContinuousMessages|64 B	1.864	11726872	6291456	28080724	31979640	7410341	2804001	3525646	1036553	122714	3656
38	blake3-servil-mt|shared|LentMessages|1 MiB	0.0883	57797358	654311424	228922690	209855626	49449565	29075581	16176435	8210805	142399	4474
38	blake3-servil-mt|solo|ContinuousMessages|64 B	1.200	3773738	3145728	13840047	17244750	3648102	0	0	0	0	3794
38	blake3-servil-mt|solo|LentMessages|1 MiB	0.0873	28564888	327155712	131700956	131098472	28550710	0	0	0	0	4613
38	blake3-servil-st|shared|LentMessages|1 MiB	0.233	46874864	201326592	211866293	492599139	44513989	9016090	12317646	2410566	51371	4707
38	blake3-servil-st|solo|LentMessages|1 MiB	0.228	22917986	100663296	106133254	249828276	22379240	1965605	2630079	552786	24105	4714
38	sha256|shared|ContinuousMessages|64 B	0.991	48878666	49311744	221661246	449346331	45502776	12712728	29959475	3377830	69103	4795
38	sha256|shared|LentMessages|1 MiB	0.481	48463653	100663296	220425540	247301448	46479082	7264241	10752097	2031162	41870	4694
38	sha256|solo|ContinuousMessages|64 B	0.981	24190563	24655872	118257903	239651378	24204015	0	0	0	0	4886
38	sha256|solo|LentMessages|1 MiB	0.473	23810102	50331648	110767374	126010478	23189213	2232729	3014531	627062	26329	4745
39	blake3-servil-mt|shared|ContinuousMessages|64 B	2.337	14787287	6328320	29890414	32819737	8149554	2247824	3020144	995603	108866	3514
39	blake3-servil-mt|shared|LentMessages|1 MiB	0.0930	32752046	352321536	118273580	111190541	25601624	25340051	14093594	7219033	219953	4376
39	blake3-servil-mt|solo|ContinuousMessages|64 B	1.682	5321391	3164160	15338646	17521449	4003087	0	0	0	0	3832
39	blake3-servil-mt|solo|LentMessages|1 MiB	0.101	17863165	176160768	81716375	87700783	17713033	0	0	0	0	4613
39	blake3-servil-st|shared|LentMessages|1 MiB	0.244	61484679	251658240	254899676	593859102	53750052	27294655	37273125	7716452	125539	4591
39	blake3-servil-st|solo|LentMessages|1 MiB	0.235	29578430	125829120	128505634	302417670	26949148	9498679	13148596	2651064	89562	4662
39	sha256|shared|ContinuousMessages|64 B	0.990	49615425	50125824	225218778	456763684	46213439	12918856	30453940	3434034	69168	4797
39	sha256|shared|LentMessages|1 MiB	0.482	48477156	100663296	205210740	231173301	43285549	18609943	26880225	5203150	107306	4616
39	sha256|solo|ContinuousMessages|64 B	0.985	24689667	25062912	120143658	243607298	24709882	0	0	0	0	4862
39	sha256|solo|LentMessages|1 MiB	0.473	23820669	50331648	110004238	125041749	23014150	2873468	3983184	811612	34064	4738
40	blake3-servil-mt|shared|ContinuousMessages|64 B	2.051	12903200	6291456	31617655	34361647	8600114	915024	1237627	550435	60153	3555
40	blake3-servil-mt|shared|LentMessages|1 MiB	0.0924	37193040	402653184	167802331	151020651	36196461	3725538	2120584	1063406	28540	4604
40	blake3-servil-mt|solo|ContinuousMessages|64 B	1.539	4840556	3145728	17085213	17618358	4208817	0	0	0	0	4059
40	blake3-servil-mt|solo|LentMessages|1 MiB	0.101	20393638	201326592	92851665	103100350	20208468	0	0	0	0	4595
40	blake3-servil-st|shared|LentMessages|1 MiB	0.239	60058525	251658240	272526687	617983935	57491508	9738080	13148596	2576488	42892	4699
40	blake3-servil-st|solo|LentMessages|1 MiB	0.266	33529222	125829120	113945699	268392867	23955930	34270203	47173325	9559759	285232	4422
40	sha256|shared|ContinuousMessages|64 B	1.009	48365792	47947776	229016013	454153701	46991684	5063542	11895992	1363718	28201	4841
40	sha256|shared|LentMessages|1 MiB	0.503	50649445	100663296	226281144	243289508	47856748	10279073	14763962	2779162	54885	4672
40	sha256|solo|ContinuousMessages|64 B	0.985	23613580	23973888	115433092	233023345	23630141	0	0	0	0	4885
40	sha256|solo|LentMessages|1 MiB	0.474	23844923	50331648	106185948	120677745	22259882	5768111	8347260	1561937	65567	4700
41	blake3-servil-mt|shared|ContinuousMessages|64 B	2.174	13675156	6291456	28647793	32431913	7889687	2459539	3117093	1216226	133564	3416
41	blake3-servil-mt|shared|LentMessages|1 MiB	0.0913	27571926	301989888	118821764	109187498	25870427	6136682	3625714	1716575	62224	4530
41	blake3-servil-mt|solo|ContinuousMessages|64 B	1.300	4088425	3145728	15442815	17395672	3849692	0	0	0	0	4011
41	blake3-servil-mt|solo|LentMessages|1 MiB	0.106	15966724	150994944	70702516	80507214	15255731	2679704	2234520	744433	46526	4586
41	blake3-servil-st|shared|LentMessages|1 MiB	0.229	57647553	251658240	262509990	617983936	55141080	9503046	13148595	2511387	43560	4718
41	blake3-servil-st|solo|LentMessages|1 MiB	0.252	31647386	125829120	122281713	286218776	25672600	21699395	29347414	5918540	187348	4558
41	sha256|shared|ContinuousMessages|64 B	0.991	49677616	50107392	231122874	466742315	47428083	8621633	20296199	2301588	46281	4821
41	sha256|shared|LentMessages|1 MiB	0.486	48968612	100663296	223145604	247923568	46985044	6839230	10129887	1912481	39112	4703
41	sha256|solo|ContinuousMessages|64 B	0.984	24654948	25053696	120391883	243517729	24680850	0	0	0	0	4878
41	sha256|solo|LentMessages|1 MiB	0.474	23863054	50331648	109459128	123649038	22899560	3588913	5376045	951605	39897	4740
42	blake3-servil-mt|shared|ContinuousMessages|64 B	1.967	12374257	6291456	29792192	32832239	8065721	2025096	2763382	903172	100700	3548
42	blake3-servil-mt|shared|LentMessages|1 MiB	0.0963	24228322	251658240	105067678	96726180	22815709	5257434	2972453	1495322	61507	4538
42	blake3-servil-mt|solo|ContinuousMessages|64 B	1.242	3906740	3145728	14865701	17313758	3596425	0	0	0	0	4133
42	blake3-servil-mt|solo|LentMessages|1 MiB	0.114	14284896	125829120	66081614	76401709	14315307	0	0	0	0	4616
42	blake3-servil-st|shared|LentMessages|1 MiB	0.243	61143125	251658240	251523059	591686743	53054743	28513549	39445786	8110863	132604	4578
42	blake3-servil-st|solo|LentMessages|1 MiB	0.253	31854371	125829120	118782114	281848544	25094409	24637594	33717569	6778495	212672	4500
42	sha256|shared|ContinuousMessages|64 B	0.991	49606424	50079744	230060336	466486073	47321884	8611365	20283632	2292224	46201	4811
42	sha256|shared|LentMessages|1 MiB	0.492	49531735	100663296	230649856	252677670	48586354	3608513	5376045	1008485	20334	4723
42	sha256|solo|ContinuousMessages|64 B	0.983	24608339	25039872	120377334	243383378	24628460	0	0	0	0	4888
42	sha256|solo|LentMessages|1 MiB	0.481	24229072	50331648	100304706	111579672	20868165	11979179	17445259	3363838	138817	4634
43	blake3-servil-mt|shared|ContinuousMessages|64 B	1.845	11605689	6291456	31784002	32687139	8283381	2128261	2872153	1029161	110513	3642
43	blake3-servil-mt|shared|LentMessages|1 MiB	0.0902	36318024	402653184	158963928	146599972	34377359	6942045	3984393	1977675	54398	4563
43	blake3-servil-mt|solo|ContinuousMessages|64 B	1.210	3806697	3145728	15601724	17140908	3716119	0	0	0	0	4198
43	blake3-servil-mt|solo|LentMessages|1 MiB	0.0993	19998667	201326592	90683430	95956019	19692701	0	0	0	0	4605
43	blake3-servil-st|shared|LentMessages|1 MiB	0.235	59231133	251658240	268943409	620180760	56876425	8042016	10952037	2245215	37976	4685
43	blake3-servil-st|solo|LentMessages|1 MiB	0.225	28354310	125829120	133382102	314871445	28138945	649291	694746	189888	6702	4731
43	sha256|shared|ContinuousMessages|64 B	0.995	49884617	50141184	232184087	467057047	47631129	8630610	20309907	2304089	46141	4823
43	sha256|shared|LentMessages|1 MiB	0.479	48175445	100663296	224049391	252677837	47159254	3602196	5376045	1005413	20874	4727
43	sha256|solo|ContinuousMessages|64 B	0.987	24747616	25070592	120810150	243682280	24769969	0	0	0	0	4877
43	sha256|solo|LentMessages|1 MiB	0.471	23713656	50331648	108682588	123649037	22722576	3635976	5376045	1017637	42865	4731
44	blake3-servil-mt|shared|ContinuousMessages|64 B	2.275	14401648	6331392	31580415	34949574	8679154	501521	851352	497928	54257	3496
44	blake3-servil-mt|shared|LentMessages|1 MiB	0.0900	54349011	603979776	225463427	210017089	48669094	20107416	11165523	5688738	104653	4518
44	blake3-servil-mt|solo|ContinuousMessages|64 B	1.292	4090125	3165696	14666294	17386289	3702015	0	0	0	0	3962
44	blake3-servil-mt|solo|LentMessages|1 MiB	0.0909	27437503	301989888	121417331	128862158	26273743	4037243	2677975	1137728	41505	4577
44	blake3-servil-st|shared|LentMessages|1 MiB	0.240	48296269	201326592	210166340	485937806	44407909	13986986	18978977	3897906	80692	4640
44	blake3-servil-st|solo|LentMessages|1 MiB	0.267	26909956	100663296	92152338	215352892	19306830	27176304	37105309	7595511	282336	4436
44	sha256|shared|ContinuousMessages|64 B	0.990	47983815	48445440	222536214	451263225	45769182	8324524	19623168	2222600	46312	4810
44	sha256|shared|LentMessages|1 MiB	0.493	49667236	100663296	225164520	247329706	47700197	7393350	10723774	2010465	40443	4678
44	sha256|solo|ContinuousMessages|64 B	0.991	24015805	24222720	111400759	225631617	22893920	4168485	9810070	1104352	46017	4816
44	sha256|solo|LentMessages|1 MiB	0.480	24148733	50331648	100024197	112896289	21014960	11152133	16128721	3067148	127362	4617
45	blake3-servil-mt|shared|ContinuousMessages|64 B	1.970	12396563	6291456	31123051	34509518	8336971	871775	1181189	473819	53777	3631
45	blake3-servil-mt|shared|LentMessages|1 MiB	0.0896	63150648	704643072	251405007	236473725	54235738	31059793	17296372	8826284	139961	4479
45	blake3-servil-mt|solo|ContinuousMessages|64 B	1.200	3776361	3145728	15506063	17347085	3699753	0	0	0	0	4191
45	blake3-servil-mt|solo|LentMessages|1 MiB	0.0882	31088070	352321536	143808097	141164887	31120437	0	0	0	0	4621
45	blake3-servil-st|shared|LentMessages|1 MiB	0.231	58042536	251658240	264583770	621069286	56047982	7280846	10063172	2032517	34994	4681
45	blake3-servil-st|solo|LentMessages|1 MiB	0.235	29548062	125829120	127119581	302416956	26788509	9748659	13149235	2728089	92425	4637
45	sha256|shared|ContinuousMessages|64 B	0.989	48825047	49363968	228334566	462957635	46936321	7169618	16855673	1921387	39326	4820
45	sha256|shared|LentMessages|1 MiB	0.481	48454767	100663296	227340806	257085889	48219555	947205	967514	274876	5668	4708
45	sha256|solo|ContinuousMessages|64 B	0.983	24260654	24681984	118502383	239905160	24278307	0	0	0	0	4881
45	sha256|solo|LentMessages|1 MiB	0.473	23790501	50331648	113153193	129025082	23781055	0	0	0	0	4758
46	blake3-servil-mt|shared|ContinuousMessages|64 B	2.224	14363414	6457344	31230888	34579474	8427701	1434057	1868636	557486	62045	3635
46	blake3-servil-mt|shared|LentMessages|1 MiB	0.0899	58804388	654311424	215281757	199012016	46375712	44349165	24658563	12474828	211974	4412
46	blake3-servil-mt|solo|ContinuousMessages|64 B	1.230	3971350	3228672	14845458	17708207	3572613	0	0	0	0	4155
46	blake3-servil-mt|solo|LentMessages|1 MiB	0.0888	29064456	327155712	133051404	134458601	28893434	0	0	0	0	4605
46	blake3-servil-st|shared|LentMessages|1 MiB	0.265	53305329	201326592	190825714	441802246	40244570	47752866	63114614	13116180	245802	4471
46	blake3-servil-st|solo|LentMessages|1 MiB	0.237	23883125	100663296	102257030	240529371	21520180	8740945	11928980	2387825	99875	4643
46	sha256|shared|ContinuousMessages|64 B	0.989	48737988	49296384	226379140	458654646	46428707	8774974	20501832	2350150	48179	4821
46	sha256|shared|LentMessages|1 MiB	0.480	48365521	100663296	210125449	236549370	44471718	14410511	21504179	3966845	81894	4635
46	sha256|solo|ContinuousMessages|64 B	0.988	24355364	24648192	119446969	239576737	24380967	0	0	0	0	4899
46	sha256|solo|LentMessages|1 MiB	0.472	23746985	50331648	104202080	118272989	21773361	7180039	10752090	2006723	84386	4684
47	blake3-servil-mt|shared|ContinuousMessages|64 B	2.184	13747277	6294528	31095950	33784733	8471411	1512744	1876317	593372	65459	3597
47	blake3-servil-mt|shared|LentMessages|1 MiB	0.0925	65172734	704643072	227338254	212916654	48974235	57522307	31139657	16251169	249153	4367
47	blake3-servil-mt|solo|ContinuousMessages|64 B	1.461	4597475	3147264	14485212	17381000	3593347	0	0	0	0	4031
47	blake3-servil-mt|solo|LentMessages|1 MiB	0.0852	30032456	352321536	138925069	137388540	30063591	0	0	0	0	4621
47	blake3-servil-st|shared|LentMessages|1 MiB	0.246	62017279	251658240	248253883	585674399	52580570	33983192	45458054	9407599	151764	4553
47	blake3-servil-st|solo|LentMessages|1 MiB	0.223	28101821	125829120	133347321	315566260	28149510	0	0	0	0	4737
47	sha256|shared|ContinuousMessages|64 B	1.003	49832877	49686528	225041812	456073498	46801885	11409565	26874969	3038556	60965	4744
47	sha256|shared|LentMessages|1 MiB	0.484	48723000	100663296	222387380	249788406	47191157	5700032	8265015	1530327	31409	4681
47	sha256|solo|ContinuousMessages|64 B	0.983	24430113	24843264	119092941	241472594	24457625	0	0	0	0	4869
47	sha256|solo|LentMessages|1 MiB	0.474	23881404	50331648	108506802	122842988	22649402	4401991	6181944	1237299	51798	4727
48	blake3-servil-mt|shared|ContinuousMessages|64 B	1.905	11987496	6291456	31681600	34097361	8733591	1124288	1417151	394348	43202	3594
48	blake3-servil-mt|shared|LentMessages|1 MiB	0.0898	58765773	654311424	179547572	159699955	38830055	69982352	39103293	19771828	337392	4258
48	blake3-servil-mt|solo|ContinuousMessages|64 B	1.360	4278898	3145728	16494409	17502350	3993366	0	0	0	0	4130
48	blake3-servil-mt|solo|LentMessages|1 MiB	0.0871	28480293	327155712	131605365	130578259	28515277	0	0	0	0	4615
48	blake3-servil-st|shared|LentMessages|1 MiB	0.253	63664132	251658240	243282784	569611685	51326181	44852634	61520629	12254225	192735	4532
48	blake3-servil-st|solo|LentMessages|1 MiB	0.248	31221016	125829120	121700783	287226423	25588695	20515305	28339762	5658918	181099	4551
48	sha256|shared|ContinuousMessages|64 B	0.999	49322321	49354752	229120713	464198848	47110052	6607642	15524823	2172574	44083	4783
48	sha256|shared|LentMessages|1 MiB	0.480	48344123	100663296	198163137	223616902	41707842	23997804	34436555	6668809	137851	4592
48	sha256|solo|ContinuousMessages|64 B	0.983	24267096	24677376	118547954	239860370	24289910	0	0	0	0	4881
48	sha256|solo|LentMessages|1 MiB	0.473	23796723	50331648	96611124	109915574	20149488	13005078	19109432	3588906	151185	4618
49	blake3-servil-mt|shared|ContinuousMessages|64 B	2.000	12585120	6291456	30948455	33798187	8356867	1384532	1829026	577778	64667	3619
49	blake3-servil-mt|shared|LentMessages|1 MiB	0.0887	58022376	654311424	201073944	177767671	43667516	47840278	27103441	14058958	243544	4312
49	blake3-servil-mt|solo|ContinuousMessages|64 B	1.168	3674574	3145728	14626246	17286956	3490022	0	0	0	0	4191
49	blake3-servil-mt|solo|LentMessages|1 MiB	0.0881	28813699	327155712	131447184	133046864	28365872	1542770	836152	447688	15537	4616
49	blake3-servil-st|shared|LentMessages|1 MiB	0.258	65004682	251658240	237342536	557647571	50099909	53722524	73484663	14793688	227968	4485
49	blake3-servil-st|solo|LentMessages|1 MiB	0.229	28773807	125829120	130533836	309599042	27510144	4530060	5967071	1275897	44323	4692
49	sha256|shared|ContinuousMessages|64 B	1.001	50262051	50193408	231886532	464758955	47632806	9812767	23115450	2661721	52922	4806
49	sha256|shared|LentMessages|1 MiB	0.478	48136825	100663296	208272718	235183715	43940183	15359341	22869734	4242435	88049	4641
49	sha256|solo|ContinuousMessages|64 B	0.983	24661841	25096704	120238532	243935716	24666290	0	0	0	0	4875
49	sha256|solo|LentMessages|1 MiB	0.471	23682354	50331648	108534175	123649034	22690177	3626594	5376045	1014191	42784	4732
50	blake3-servil-mt|shared|ContinuousMessages|64 B	2.237	14076248	6291456	31965501	34930859	8851874	722928	708452	221289	24389	3603
50	blake3-servil-mt|shared|LentMessages|1 MiB	0.0883	62243891	704643072	259532153	229128947	56610830	17087250	8876722	4973185	80754	4492
50	blake3-servil-mt|solo|ContinuousMessages|64 B	1.255	3948129	3145728	15033588	17349569	3593335	0	0	0	0	4184
50	blake3-servil-mt|solo|LentMessages|1 MiB	0.0867	30534678	352321536	138717240	136719165	30058511	915821	608401	259820	8569	4606
50	blake3-servil-st|shared|LentMessages|1 MiB	0.224	56372305	251658240	267319801	631132525	56386777	0	0	0	0	4741
50	blake3-servil-st|solo|LentMessages|1 MiB	0.231	29102039	125829120	128084660	305511564	26913942	7458657	10055222	2088346	72006	4674
50	sha256|shared|ContinuousMessages|64 B	0.994	48830437	49118208	224834365	454771403	46202743	9620445	22653351	2569566	52684	4807
50	sha256|shared|LentMessages|1 MiB	0.491	49408956	100663296	234175082	258053550	49445691	0	0	0	0	4736
50	sha256|solo|ContinuousMessages|64 B	0.981	24099524	24559104	117712876	238710913	24132733	0	0	0	0	4878
50	sha256|solo|LentMessages|1 MiB	0.474	23848735	50331648	99654100	112897533	20844026	10855661	16128220	3035418	127114	4628
51	blake3-servil-mt|shared|ContinuousMessages|64 B	1.994	12545242	6291456	30775077	34936912	8580218	525545	706994	165323	18903	3579
51	blake3-servil-mt|shared|LentMessages|1 MiB	0.0924	41834496	452984832	160760703	143197721	34779694	24586629	14292004	6973523	167017	4439
51	blake3-servil-mt|solo|ContinuousMessages|64 B	1.293	4068901	3145728	14747208	17281651	3687938	0	0	0	0	3999
51	blake3-servil-mt|solo|LentMessages|1 MiB	0.0982	22248115	226492416	100535703	110075068	21806455	748621	473724	214502	9740	4599
51	blake3-servil-st|shared|LentMessages|1 MiB	0.235	59118867	251658240	270314975	617984274	56640534	9499792	13148596	2532428	42797	4729
51	blake3-servil-st|solo|LentMessages|1 MiB	0.234	29388753	125829120	127701202	302417667	26825666	9465997	13148596	2597768	88289	4662
51	sha256|shared|ContinuousMessages|64 B	0.995	49391234	49634304	226602355	459647694	46700717	9674932	22792873	2583745	52425	4794
51	sha256|shared|LentMessages|1 MiB	0.481	48398329	100663296	219448000	247301811	46454053	7210990	10752090	1999221	41260	4678
51	sha256|solo|ContinuousMessages|64 B	0.985	24456935	24817152	119087487	241218818	24470195	0	0	0	0	4867
51	sha256|solo|LentMessages|1 MiB	0.472	23736724	50331648	108347267	123649038	22735459	3622575	5376045	1011954	42613	4715
52	blake3-servil-mt|shared|ContinuousMessages|64 B	2.063	12979291	6291456	29820570	33076773	8282921	1922097	2533556	734309	81433	3520
52	blake3-servil-mt|shared|LentMessages|1 MiB	0.0927	28006642	301989888	121934499	112584577	26495365	5391201	2950221	1561616	55658	4538
52	blake3-servil-mt|solo|ContinuousMessages|64 B	1.153	3627663	3145728	13762695	17239078	3441832	0	0	0	0	3999
52	blake3-servil-mt|solo|LentMessages|1 MiB	0.104	15745199	150994944	69572762	76617248	15093503	2200047	1694305	619748	39441	4568
52	blake3-servil-st|shared|LentMessages|1 MiB	0.236	59471466	251658240	259132430	606296973	54578892	18022892	24835489	4890867	82241	4660
52	blake3-servil-st|solo|LentMessages|1 MiB	0.225	28271328	125829120	133028017	315062754	28086093	523771	503434	154500	5470	4729
52	sha256|shared|ContinuousMessages|64 B	1.011	50682811	50135040	228484537	453792422	46942077	14223341	33514755	3786396	74640	4784
52	sha256|shared|LentMessages|1 MiB	0.480	48300806	100663296	214679169	241925412	45384453	10761745	16128135	2959029	61208	4663
52	sha256|solo|ContinuousMessages|64 B	0.981	24595130	25067520	120174085	243652084	24622590	0	0	0	0	4881
52	sha256|solo|LentMessages|1 MiB	0.471	23685899	50331648	108536539	123649037	22702323	3609199	5376045	1010562	42616	4729
53	blake3-servil-mt|shared|ContinuousMessages|64 B	1.942	12215522	6291456	32794323	35594593	8866942	0	0	0	0	3698
53	blake3-servil-mt|shared|LentMessages|1 MiB	0.0903	36372280	402653184	142154766	124569516	30929741	18557597	9809205	5256901	145271	4441
53	blake3-servil-mt|solo|ContinuousMessages|64 B	1.229	3866391	3145728	14247273	17100409	3584962	0	0	0	0	3974
53	blake3-servil-mt|solo|LentMessages|1 MiB	0.0966	19438576	201326592	89337321	96643948	19479969	0	0	0	0	4586
53	blake3-servil-st|shared|LentMessages|1 MiB	0.247	62281985	251658240	252437012	586178807	52951518	34321503	44953659	9270656	148992	4609
53	blake3-servil-st|solo|LentMessages|1 MiB	0.247	31080867	125829120	128031272	294967561	26918019	15020146	20598634	4189511	134678	4599
53	sha256|shared|ContinuousMessages|64 B	1.010	50590994	50076672	241699454	479998431	49805698	2868883	6741424	768699	15199	4836
53	sha256|shared|LentMessages|1 MiB	0.482	48483653	100663296	220430427	247301457	46435533	7809544	10752091	2111949	43502	4701
53	sha256|solo|ContinuousMessages|64 B	0.985	24673127	25038336	120274860	243368456	24643166	0	0	0	0	4881
53	sha256|solo|LentMessages|1 MiB	0.472	23781003	50331648	104605741	118272991	21791008	7245905	10752090	2026310	85077	4696
54	blake3-servil-mt|shared|ContinuousMessages|64 B	1.922	12091926	6291456	28190806	32515304	7379166	2291053	2982898	1079470	127617	3604
54	blake3-servil-mt|shared|LentMessages|1 MiB	0.0909	36582650	402653184	154042417	141083361	33403852	10866073	6767342	3095586	84811	4518
54	blake3-servil-mt|solo|ContinuousMessages|64 B	1.137	3576474	3145728	13520455	17217942	3285000	0	0	0	0	4116
54	blake3-servil-mt|solo|LentMessages|1 MiB	0.0987	19875354	201326592	90790517	99971327	19895405	0	0	0	0	4563
54	blake3-servil-st|shared|LentMessages|1 MiB	0.240	60460775	251658240	262186641	604835648	55222840	19532679	26297219	5306414	87666	4654
54	blake3-servil-st|solo|LentMessages|1 MiB	0.223	28054018	125829120	133166477	315566266	28087900	0	0	0	0	4741
54	sha256|shared|ContinuousMessages|64 B	1.016	50642117	49843200	229367875	455427550	47344043	12338686	29043621	3292302	65018	4773
54	sha256|shared|LentMessages|1 MiB	0.485	48842658	100663296	217581131	243944790	46037960	9965813	14109025	2758902	56538	4663
54	sha256|solo|ContinuousMessages|64 B	0.987	24605095	24921600	119589602	242233921	24623077	0	0	0	0	4857
54	sha256|solo|LentMessages|1 MiB	0.474	23872877	50331648	107568838	122096724	22507650	4734862	6928207	1331946	55871	4711
55	blake3-servil-mt|shared|ContinuousMessages|64 B	1.953	12289148	6291456	32610182	35484305	8967012	99447	130761	34115	3790	3634
55	blake3-servil-mt|shared|LentMessages|1 MiB	0.0885	48979422	553648128	192069155	177473587	41460751	25781128	15063341	7335824	150334	4464
55	blake3-servil-mt|solo|ContinuousMessages|64 B	1.342	4220927	3145728	15852860	17438218	4018027	0	0	0	0	3945
55	blake3-servil-mt|solo|LentMessages|1 MiB	0.0909	25172032	276824064	116410055	122056755	25205060	0	0	0	0	4619
55	blake3-servil-st|shared|LentMessages|1 MiB	0.233	58631661	251658240	264986824	617983933	56150827	9486035	13148595	2528001	43081	4678
55	blake3-servil-st|solo|LentMessages|1 MiB	0.261	32861064	125829120	117410740	275540224	24766486	29034919	40025973	8111351	246711	4454
55	sha256|shared|ContinuousMessages|64 B	0.991	48008152	48466944	220079267	446006120	45157361	10661223	25089565	2844397	59256	4807
55	sha256|shared|LentMessages|1 MiB	0.484	48680661	100663296	216067259	241925413	45704525	10859224	16128135	3030605	62185	4656
55	sha256|solo|ContinuousMessages|64 B	0.982	23785338	24233472	116258245	235546178	23810745	0	0	0	0	4883
55	sha256|solo|LentMessages|1 MiB	0.471	23719987	50331648	108864686	123649035	22813473	3556591	5376045	939922	39570	4733
56	blake3-servil-mt|shared|ContinuousMessages|64 B	2.210	13904216	6291456	29968414	33210717	8168024	1730772	2357418	966548	105812	3470
56	blake3-servil-mt|shared|LentMessages|1 MiB	0.0893	35964943	402653184	147106270	135597680	31903511	14390552	8263305	4099526	113866	4486
56	blake3-servil-mt|solo|ContinuousMessages|64 B	1.426	4484988	3145728	15980349	17469966	3998617	0	0	0	0	3996
56	blake3-servil-mt|solo|LentMessages|1 MiB	0.0995	20040419	201326592	92071122	104126605	20019883	0	0	0	0	4599
56	blake3-servil-st|shared|LentMessages|1 MiB	0.235	59243260	251658240	264214473	613196570	55673125	13327313	17935818	3606273	60835	4682
56	blake3-servil-st|solo|LentMessages|1 MiB	0.262	32995722	125829120	120463205	277948774	25313983	27576702	37617416	7701841	233277	4484
56	sha256|shared|ContinuousMessages|64 B	0.992	48694230	49072128	226095449	457100069	46495809	8441138	19876944	2249717	46152	4811
56	sha256|shared|LentMessages|1 MiB	0.491	49433298	100663296	229086602	252677507	48469873	3610080	5376045	1008043	20373	4703
56	sha256|solo|ContinuousMessages|64 B	0.986	24191228	24536064	117738411	238486996	24226321	0	0	0	0	4860
56	sha256|solo|LentMessages|1 MiB	0.473	23793483	50331648	95158793	107520900	19855928	14394193	21504180	3971978	166694	4598
57	blake3-servil-mt|shared|ContinuousMessages|64 B	2.145	13495140	6291456	29323530	33750812	8213670	1477825	1877148	578108	65755	3503
57	blake3-servil-mt|shared|LentMessages|1 MiB	0.0937	56585025	603979776	217675665	195129397	47074357	33768371	17483185	9530582	168370	4442
57	blake3-servil-mt|solo|ContinuousMessages|64 B	1.405	4420632	3145728	17603656	17615546	4277910	0	0	0	0	4115
57	blake3-servil-mt|solo|LentMessages|1 MiB	0.0885	26728245	301989888	122365455	125462479	26690226	0	0	0	0	4585
57	blake3-servil-st|shared|LentMessages|1 MiB	0.232	46747297	201326592	211730429	494397755	44694198	7594352	10519102	2093798	44750	4688
57	blake3-servil-st|solo|LentMessages|1 MiB	0.236	23706986	100663296	102706310	241939319	21594279	7666511	10519102	2138218	90096	4651
57	sha256|shared|ContinuousMessages|64 B	0.992	49719859	50116608	229098396	464334401	47168773	9682502	22793600	2585085	51957	4799
57	sha256|shared|LentMessages|1 MiB	0.495	49839698	100663296	220784026	241925439	46748722	11414110	16128135	3134106	62829	4655
57	sha256|solo|ContinuousMessages|64 B	1.005	25172752	25058304	120335413	243562516	24831776	0	0	0	0	4846
57	sha256|solo|LentMessages|1 MiB	0.477	24020314	50331648	109792247	123649042	23029349	3631293	5376045	1013792	42165	4718
58	blake3-servil-mt|shared|ContinuousMessages|64 B	2.028	12756722	6291456	33209316	35363992	9231786	110280	285430	72357	7776	3581
58	blake3-servil-mt|shared|LentMessages|1 MiB	0.0891	58298532	654311424	235826804	215897263	50813331	26498690	15420057	7473119	128213	4501
58	blake3-servil-mt|solo|ContinuousMessages|64 B	1.318	4145227	3145728	14995076	17302837	3866466	0	0	0	0	3878
58	blake3-servil-mt|solo|LentMessages|1 MiB	0.0870	28451585	327155712	131027253	131530677	28377622	0	0	0	0	4617
58	blake3-servil-st|shared|LentMessages|1 MiB	0.235	59036371	251658240	258731023	608846799	54605571	16630945	22285655	4429664	75034	4664
58	blake3-servil-st|solo|LentMessages|1 MiB	0.253	31784331	125829120	120216739	284082709	25296912	23239709	31483335	6491347	204205	4513
58	sha256|shared|ContinuousMessages|64 B	1.009	50553064	50101248	239282142	475626015	49281272	4835611	11352740	1311854	25929	4825
58	sha256|shared|LentMessages|1 MiB	0.495	49871570	100663296	218912078	240264864	46464884	12083369	17788464	3376836	67751	4635
58	sha256|solo|ContinuousMessages|64 B	0.992	24856435	25050624	120118920	243487880	24758370	0	0	0	0	4852
58	sha256|solo|LentMessages|1 MiB	0.477	23989754	50331648	91615660	103646665	19147507	17211311	25378345	4777023	199670	4549
59	blake3-servil-mt|shared|ContinuousMessages|64 B	2.131	13405270	6291456	32973918	34661940	9023521	664337	997047	246465	26587	3629
59	blake3-servil-mt|shared|LentMessages|1 MiB	0.0930	32763711	352321536	134623532	124530019	29200758	12641650	7064671	3556852	108580	4496
59	blake3-servil-mt|solo|ContinuousMessages|64 B	1.264	3976229	3145728	16031849	17428563	3774984	0	0	0	0	4247
59	blake3-servil-mt|solo|LentMessages|1 MiB	0.102	17980931	176160768	82492684	93754017	18012103	0	0	0	0	4580
59	blake3-servil-st|shared|LentMessages|1 MiB	0.233	58607112	251658240	261647785	615353788	55283606	12066774	15778674	3195564	54644	4681
59	blake3-servil-st|solo|LentMessages|1 MiB	0.264	33191217	125829120	116745344	273180047	24572482	30872755	42386150	8598259	259212	4450
59	sha256|shared|ContinuousMessages|64 B	0.989	49216742	49769472	224990520	456085176	46129140	11735088	27669105	3124818	63442	4806
59	sha256|shared|LentMessages|1 MiB	0.486	48911934	100663296	219919136	247301644	46877874	7815555	10752090	2066293	42217	4653
59	sha256|solo|ContinuousMessages|64 B	0.982	24433525	24884736	119354778	241875655	24445223	0	0	0	0	4883
59	sha256|solo|LentMessages|1 MiB	0.476	23974760	50331648	109236739	124420862	22897226	3517358	4603998	998355	41779	4719
60	blake3-servil-mt|shared|ContinuousMessages|64 B	1.945	12235843	6291456	30509667	35606262	8720933	12217	9836	10917	1250	3495
60	blake3-servil-mt|shared|LentMessages|1 MiB	0.0931	46883038	503316480	174543566	160679148	37756092	32273940	17611429	9146818	195016	4409
60	blake3-servil-mt|solo|ContinuousMessages|64 B	1.196	3760937	3145728	13900273	16556739	3454751	495605	706453	156442	43321	3986
60	blake3-servil-mt|solo|LentMessages|1 MiB	0.0937	23570178	251658240	108592163	118348971	23580548	0	0	0	0	4605
60	blake3-servil-st|shared|LentMessages|1 MiB	0.246	61830091	251658240	259541055	596421806	54585538	26762237	34710651	7280359	117679	4628
60	blake3-servil-st|solo|LentMessages|1 MiB	0.237	29784296	125829120	128861279	302417671	27247250	9539449	13148595	2561494	85930	4643
60	sha256|shared|ContinuousMessages|64 B	0.985	49409257	50156544	235316318	477359658	48327492	4299535	10156524	1135050	22947	4844
60	sha256|shared|LentMessages|1 MiB	0.484	48697012	100663296	217708106	244613357	46142864	9259404	13440134	2589530	53137	4657
60	sha256|solo|ContinuousMessages|64 B	0.989	24811437	25078272	118200448	239281302	24276471	1902599	4475206	507723	20485	4846
60	sha256|solo|LentMessages|1 MiB	0.473	23830296	50331648	105347555	119759216	22063631	6360798	9265789	1782258	74740	4685
61	blake3-servil-mt|shared|ContinuousMessages|64 B	1.940	12205295	6291456	29790780	34856519	8486466	528596	706346	163844	18940	3505
61	blake3-servil-mt|shared|LentMessages|1 MiB	0.0923	60363378	654311424	218113708	201096894	47101759	47185209	25497314	13305458	220262	4392
61	blake3-servil-mt|solo|ContinuousMessages|64 B	1.329	4179922	3145728	15507465	17486630	3678317	0	0	0	0	4216
61	blake3-servil-mt|solo|LentMessages|1 MiB	0.0865	28295151	327155712	130663341	123499119	28286684	0	0	0	0	4619
61	blake3-servil-st|shared|LentMessages|1 MiB	0.235	59222339	251658240	258366356	608416391	54790251	16477647	22716058	4443028	75008	4640
61	blake3-servil-st|solo|LentMessages|1 MiB	0.256	32157295	125829120	118626342	280550172	25084851	25451991	35015945	7084276	220219	4479
61	sha256|shared|ContinuousMessages|64 B	0.987	49550679	50190336	234736828	476068120	48194374	5012931	11776378	1354174	27330	4839
61	sha256|shared|LentMessages|1 MiB	0.491	49380198	100663296	208819610	232794165	44503347	17815988	25259330	4924644	99632	4585
61	sha256|solo|ContinuousMessages|64 B	0.983	24675513	25095168	120391334	243920787	24626796	0	0	0	0	4889
61	sha256|solo|LentMessages|1 MiB	0.476	23963532	50331648	102936159	116264638	21569968	8639233	12760366	2421513	100932	4651
62	blake3-servil-mt|shared|ContinuousMessages|64 B	2.023	12727171	6291456	29528052	33864748	8159806	1346087	1755763	529044	60887	3553
62	blake3-servil-mt|shared|LentMessages|1 MiB	0.0969	58509541	603979776	189901333	173970020	41077047	61646265	32337149	17362675	297103	4304
62	blake3-servil-mt|solo|ContinuousMessages|64 B	1.443	4539449	3145728	16057704	17505541	4158342	0	0	0	0	3862
62	blake3-servil-mt|solo|LentMessages|1 MiB	0.0881	26605249	301989888	122624894	127490882	26635177	0	0	0	0	4604
62	blake3-servil-st|shared|LentMessages|1 MiB	0.253	50878732	201326592	198693533	463142067	42068279	32528055	41774639	8810708	173169	4545
62	blake3-servil-st|solo|LentMessages|1 MiB	0.257	25845676	100663296	96002047	224958535	20183858	20107991	27499742	5615695	217666	4500
62	sha256|shared|ContinuousMessages|64 B	0.991	48750799	49170432	221585492	449456537	45459027	12086725	28475792	3231608	66370	4799
62	sha256|shared|LentMessages|1 MiB	0.486	48896414	100663296	211025410	236549368	44757487	14997701	21504180	4185981	85526	4618
62	sha256|solo|ContinuousMessages|64 B	0.985	24214564	24585216	118007422	238964693	24227772	0	0	0	0	4871
62	sha256|solo|LentMessages|1 MiB	0.476	23954715	50331648	109843020	124313265	23022650	3214074	4711741	900308	37633	4726
63	blake3-servil-mt|shared|ContinuousMessages|64 B	2.097	15103318	7203840	34858935	39236707	9563907	948239	1221799	400636	40206	3593
63	blake3-servil-mt|shared|LentMessages|1 MiB	0.0913	36775491	402653184	157905440	138599158	34200671	9300602	5437825	2644576	71775	4538
63	blake3-servil-mt|solo|ContinuousMessages|64 B	1.236	4450606	3601920	15667629	19740712	3922485	0	0	0	0	3994
63	blake3-servil-mt|solo|LentMessages|1 MiB	0.102	20510820	201326592	93367279	103600680	20256693	0	0	0	0	4609
63	blake3-servil-st|shared|LentMessages|1 MiB	0.235	47369210	201326592	224494590	504916859	47438796	0	0	0	0	4732
63	blake3-servil-st|solo|LentMessages|1 MiB	0.252	25366228	100663296	97423732	228606508	20513835	17474452	23851771	4872348	191929	4526
63	sha256|shared|ContinuousMessages|64 B	0.992	48651119	49032192	228616829	463139098	47153258	5718381	13450084	1538478	31596	4813
63	sha256|shared|LentMessages|1 MiB	0.484	48721032	100663296	226475160	255292939	47911960	2754117	2760515	736996	15149	4712
63	sha256|solo|ContinuousMessages|64 B	0.990	24274784	24516096	112591310	228364061	23184555	4204563	9928872	1114042	45847	4807
63	sha256|solo|LentMessages|1 MiB	0.476	23949146	50331648	104818426	118272993	21951240	7257799	10752090	2030514	84669	4673
64	blake3-servil-mt|shared|ContinuousMessages|64 B	1.934	12167993	6291456	30941361	34878331	8691293	532007	706097	152604	17255	3559
64	blake3-servil-mt|shared|LentMessages|1 MiB	0.0884	57816347	654311424	254190546	238670633	54758935	10760022	5537404	3071589	53113	4582
64	blake3-servil-mt|solo|ContinuousMessages|64 B	1.329	4180728	3145728	15293564	17375083	3722257	0	0	0	0	4109
64	blake3-servil-mt|solo|LentMessages|1 MiB	0.0884	28913813	327155712	131287828	130562724	28731059	321647	171069	101811	3531	4565
64	blake3-servil-st|shared|LentMessages|1 MiB	0.227	57115052	251658240	269193277	630302706	56961743	727547	829746	207196	3624	4721
64	blake3-servil-st|solo|LentMessages|1 MiB	0.234	29398114	125829120	130345204	306824690	27531888	6470929	8741498	1806564	61576	4663
64	sha256|shared|ContinuousMessages|64 B	0.997	49968881	50107392	232443063	471372909	48166116	6664953	15665479	1797336	35973	4786
64	sha256|shared|LentMessages|1 MiB	0.487	49008876	100663296	231678435	258053574	49020369	0	0	0	0	4726
64	sha256|solo|ContinuousMessages|64 B	0.999	25034527	25053696	121579873	243517735	25030540	0	0	0	0	4857
64	sha256|solo|LentMessages|1 MiB	0.475	23911869	50331648	109518171	123649036	22922792	3637442	5376045	1017041	42483	4727
