folder	tid	name	role	cpu_ns	user_ticks	kernel_ticks	voluntary_switches	involuntary_switches	minor_faults	major_faults
default-mt1m-01	210894	blake3-worker-1	worker	606074574	49	11	29749	67	0	0
default-mt1m-01	210896	blake3-worker-1	worker	606150167	49	10	29652	46	0	0
default-mt1m-01	210880	blake3-worker-1	worker	604451920	51	9	29524	49	0	0
default-mt1m-01	210885	blake3-worker-6	worker	605212854	49	10	29692	58	0	0
default-mt1m-01	210891	blake3-worker-1	worker	604981703	51	9	29554	60	0	0
default-mt1m-01	210890	blake3-worker-1	worker	604778618	49	10	29643	36	0	0
default-mt1m-01	210884	blake3-worker-5	worker	606186297	50	10	29664	49	0	0
default-mt1m-01	210882	blake3-worker-3	worker	606628064	50	10	29689	49	0	0
default-mt1m-01	210887	blake3-worker-8	worker	605575177	50	10	29533	52	0	0
default-mt1m-01	210886	blake3-worker-7	worker	605474328	50	10	29600	45	0	0
default-mt1m-01	210888	blake3-worker-9	worker	604786378	49	11	29677	50	0	0
default-mt1m-01	210898	blake3-worker-1	worker	605242048	50	9	29667	56	0	0
default-mt1m-01	210879	probe	main	1642061142	163	1	4	42	65	0
default-mt1m-01	210889	blake3-worker-1	worker	605832474	51	9	29684	44	0	0
default-mt1m-01	210897	blake3-worker-1	worker	605387134	49	10	29850	37	0	0
default-mt1m-01	210895	blake3-worker-1	worker	606674956	50	10	29738	31	0	0
default-mt1m-01	210883	blake3-worker-4	worker	606546842	51	9	29722	52	0	0
default-mt1m-01	210893	blake3-worker-1	worker	603522700	50	9	29480	55	0	0
default-mt1m-01	210881	blake3-worker-2	worker	605772995	50	9	29601	51	0	0
default-mt1m-01	210892	blake3-worker-1	worker	604409946	50	10	29412	51	0	0
default-mt1m-02	211018	blake3-worker-1	worker	725938798	58	14	34911	46	0	0
default-mt1m-02	211013	blake3-worker-1	worker	727838334	60	12	35089	58	1	0
default-mt1m-02	211014	blake3-worker-1	worker	726214317	59	12	34951	68	0	0
default-mt1m-02	211006	blake3-worker-3	worker	727892043	60	12	35040	41	1	0
default-mt1m-02	211022	blake3-worker-1	worker	727897951	57	14	35026	59	0	0
default-mt1m-02	211003	probe	main	1952124956	193	2	5	39	65	0
default-mt1m-02	211004	blake3-worker-1	worker	727065482	60	12	34718	58	0	0
default-mt1m-02	211010	blake3-worker-7	worker	726425446	60	11	34778	55	0	0
default-mt1m-02	211009	blake3-worker-6	worker	728634491	60	12	34980	53	0	0
default-mt1m-02	211005	blake3-worker-2	worker	727467556	59	13	34968	56	0	0
default-mt1m-02	211015	blake3-worker-1	worker	727681601	60	12	35150	47	0	0
default-mt1m-02	211012	blake3-worker-9	worker	727401437	59	12	34993	51	0	0
default-mt1m-02	211021	blake3-worker-1	worker	728415352	60	11	35069	44	0	0
default-mt1m-02	211016	blake3-worker-1	worker	728766555	59	13	35092	40	0	0
default-mt1m-02	211017	blake3-worker-1	worker	727235941	60	12	35042	52	0	0
default-mt1m-02	211008	blake3-worker-5	worker	726870534	59	13	34920	44	0	0
default-mt1m-02	211007	blake3-worker-4	worker	727793530	61	11	34639	55	0	0
default-mt1m-02	211020	blake3-worker-1	worker	727775775	60	11	34848	33	0	0
default-mt1m-02	211019	blake3-worker-1	worker	727818268	60	12	35064	51	0	0
default-mt1m-02	211011	blake3-worker-8	worker	726557759	60	11	34797	59	0	0
default-mt1m-03	211140	blake3-worker-1	worker	555927354	45	10	26958	36	0	0
default-mt1m-03	211136	blake3-worker-9	worker	556689468	44	10	26868	32	0	0
default-mt1m-03	211131	blake3-worker-4	worker	557467049	44	10	27024	32	0	0
default-mt1m-03	211146	blake3-worker-1	worker	555453621	43	11	26752	36	1	0
default-mt1m-03	211139	blake3-worker-1	worker	556426916	44	11	27105	36	0	0
default-mt1m-03	211145	blake3-worker-1	worker	557712964	45	10	26958	23	1	0
default-mt1m-03	211141	blake3-worker-1	worker	557456516	44	11	26975	36	0	0
default-mt1m-03	211142	blake3-worker-1	worker	556807760	44	10	27137	23	0	0
default-mt1m-03	211135	blake3-worker-8	worker	556874119	44	11	26878	29	0	0
default-mt1m-03	211127	probe	main	1509131855	149	1	5	34	65	0
default-mt1m-03	211137	blake3-worker-1	worker	556331431	45	10	26763	36	0	0
default-mt1m-03	211133	blake3-worker-6	worker	556667850	45	9	26814	25	0	0
default-mt1m-03	211130	blake3-worker-3	worker	556420058	45	10	26919	30	0	0
default-mt1m-03	211132	blake3-worker-5	worker	558141545	45	9	26978	29	0	0
default-mt1m-03	211144	blake3-worker-1	worker	555581258	43	12	26795	41	0	0
default-mt1m-03	211143	blake3-worker-1	worker	557369537	45	9	26865	34	0	0
default-mt1m-03	211128	blake3-worker-1	worker	556859451	44	11	27023	39	1	0
default-mt1m-03	211134	blake3-worker-7	worker	557419925	46	9	26813	27	0	0
default-mt1m-03	211138	blake3-worker-1	worker	556966553	44	10	26971	28	0	0
default-mt1m-03	211129	blake3-worker-2	worker	556537694	44	10	27004	34	0	0
default-mt1m-04	211260	blake3-worker-9	worker	602026274	49	10	29485	40	0	0
default-mt1m-04	211251	probe	main	1637567189	161	2	6	102	65	0
default-mt1m-04	211254	blake3-worker-3	worker	602086066	48	11	29158	22	1	0
default-mt1m-04	211257	blake3-worker-6	worker	601460307	50	9	29162	42	1	0
default-mt1m-04	211252	blake3-worker-1	worker	601043129	49	10	29199	27	1	0
default-mt1m-04	211269	blake3-worker-1	worker	601848778	49	10	29248	43	0	0
default-mt1m-04	211264	blake3-worker-1	worker	602682394	50	9	29545	31	1	0
default-mt1m-04	211267	blake3-worker-1	worker	603568280	50	10	29400	16	1	0
default-mt1m-04	211256	blake3-worker-5	worker	602483486	49	10	29604	27	1	0
default-mt1m-04	211262	blake3-worker-1	worker	601818340	49	10	29204	39	0	0
default-mt1m-04	211266	blake3-worker-1	worker	602578546	49	10	29222	29	0	0
default-mt1m-04	211270	blake3-worker-1	worker	603171765	49	10	29512	24	1	0
default-mt1m-04	211261	blake3-worker-1	worker	601159506	50	9	29232	34	0	0
default-mt1m-04	211263	blake3-worker-1	worker	602200446	49	11	29433	24	1	0
default-mt1m-04	211253	blake3-worker-2	worker	601408625	50	9	29395	30	0	0
default-mt1m-04	211259	blake3-worker-8	worker	601824089	49	11	29505	42	0	0
default-mt1m-04	211255	blake3-worker-4	worker	602214166	48	11	29242	36	0	0
default-mt1m-04	211265	blake3-worker-1	worker	602652011	50	9	29463	28	1	0
default-mt1m-04	211258	blake3-worker-7	worker	602171794	48	11	29067	26	1	0
default-mt1m-04	211268	blake3-worker-1	worker	601564404	49	10	29405	29	0	0
default-mt1m-05	211367	blake3-worker-1	worker	605353985	49	10	29371	33	0	0
default-mt1m-05	211379	blake3-worker-1	worker	605826293	49	11	29483	39	0	0
default-mt1m-05	211383	blake3-worker-1	worker	605831601	49	10	29570	43	0	0
default-mt1m-05	211370	blake3-worker-4	worker	605764078	49	11	29600	29	0	0
default-mt1m-05	211376	blake3-worker-1	worker	605541638	48	11	29388	32	0	0
default-mt1m-05	211375	blake3-worker-9	worker	605993138	48	11	29562	47	0	0
default-mt1m-05	211382	blake3-worker-1	worker	605714522	48	11	29736	35	0	0
default-mt1m-05	211369	blake3-worker-3	worker	606292235	50	9	29376	43	0	0
default-mt1m-05	211368	blake3-worker-2	worker	605890398	50	10	29726	39	0	0
default-mt1m-05	211373	blake3-worker-7	worker	605388467	49	10	29682	32	0	0
default-mt1m-05	211380	blake3-worker-1	worker	605276392	48	11	29396	44	0	0
default-mt1m-05	211378	blake3-worker-1	worker	604808428	49	10	29365	32	0	0
default-mt1m-05	211377	blake3-worker-1	worker	605385630	50	10	29665	34	0	0
default-mt1m-05	211385	blake3-worker-1	worker	605815036	47	12	29625	50	0	0
default-mt1m-05	211374	blake3-worker-8	worker	605428346	49	11	29478	42	0	0
default-mt1m-05	211381	blake3-worker-1	worker	606074299	49	11	29812	27	0	0
default-mt1m-05	211366	probe	main	1640759697	162	1	9	82	67	0
default-mt1m-05	211372	blake3-worker-6	worker	606661480	50	10	29550	36	0	0
default-mt1m-05	211384	blake3-worker-1	worker	605947077	48	11	29524	53	0	0
default-mt1m-05	211371	blake3-worker-5	worker	605244881	49	10	29200	52	0	0
default-mt1m-06	211448	blake3-worker-8	worker	713426813	58	13	34786	81	0	0
default-mt1m-06	211456	blake3-worker-1	worker	713409846	57	14	34563	75	0	0
default-mt1m-06	211451	blake3-worker-1	worker	714626261	57	14	34858	81	0	0
default-mt1m-06	211459	blake3-worker-1	worker	715665944	58	13	34982	79	0	0
default-mt1m-06	211455	blake3-worker-1	worker	714137404	57	13	34802	85	0	0
default-mt1m-06	211449	blake3-worker-9	worker	715392630	57	14	34639	80	0	0
default-mt1m-06	211441	blake3-worker-1	worker	714320656	57	13	34609	84	0	0
default-mt1m-06	211445	blake3-worker-5	worker	713860033	58	12	34664	71	0	0
default-mt1m-06	211454	blake3-worker-1	worker	714374342	58	13	34734	85	0	0
default-mt1m-06	211444	blake3-worker-4	worker	715215146	57	14	34843	74	0	0
default-mt1m-06	211458	blake3-worker-1	worker	713739558	57	14	34602	69	0	0
default-mt1m-06	211457	blake3-worker-1	worker	714099369	58	12	34779	92	0	0
default-mt1m-06	211447	blake3-worker-7	worker	713471610	57	14	34435	106	0	0
default-mt1m-06	211440	probe	main	1966563694	194	2	7	332	66	0
default-mt1m-06	211442	blake3-worker-2	worker	710764626	57	13	34666	90	0	0
default-mt1m-06	211443	blake3-worker-3	worker	713755579	57	14	34753	74	0	0
default-mt1m-06	211453	blake3-worker-1	worker	714745122	57	14	34807	80	0	0
default-mt1m-06	211452	blake3-worker-1	worker	712313264	56	15	34733	85	0	0
default-mt1m-06	211450	blake3-worker-1	worker	713604194	56	14	34676	79	0	0
default-mt1m-06	211446	blake3-worker-6	worker	713918146	57	13	34751	83	0	0
default-mt1m-07	211516	blake3-worker-2	worker	602688886	48	11	29188	46	0	0
default-mt1m-07	211532	blake3-worker-1	worker	603052739	49	10	29417	50	0	0
default-mt1m-07	211526	blake3-worker-1	worker	605194649	49	11	29597	28	0	0
default-mt1m-07	211520	blake3-worker-6	worker	603470568	48	11	29142	58	0	0
default-mt1m-07	211531	blake3-worker-1	worker	603288083	48	11	29310	47	0	0
default-mt1m-07	211521	blake3-worker-7	worker	604241139	51	9	29441	24	0	0
default-mt1m-07	211533	blake3-worker-1	worker	604048513	49	11	29312	38	0	0
default-mt1m-07	211524	blake3-worker-1	worker	603945492	49	11	29154	43	0	0
default-mt1m-07	211528	blake3-worker-1	worker	604467633	50	9	29250	44	0	0
default-mt1m-07	211519	blake3-worker-5	worker	604071076	49	10	29262	47	0	0
default-mt1m-07	211514	probe	main	1653722964	162	3	7	157	66	0
default-mt1m-07	211527	blake3-worker-1	worker	603844122	48	11	29354	52	0	0
default-mt1m-07	211530	blake3-worker-1	worker	606254549	49	11	29483	46	0	0
default-mt1m-07	211518	blake3-worker-4	worker	603335822	49	11	29330	50	0	0
default-mt1m-07	211523	blake3-worker-9	worker	604314500	48	11	29352	47	0	0
default-mt1m-07	211515	blake3-worker-1	worker	604312448	48	11	29384	38	0	0
default-mt1m-07	211517	blake3-worker-3	worker	603914938	49	10	29223	59	0	0
default-mt1m-07	211525	blake3-worker-1	worker	604197946	50	10	29481	40	0	0
default-mt1m-07	211522	blake3-worker-8	worker	604708343	49	10	29364	55	0	0
default-mt1m-07	211529	blake3-worker-1	worker	602814192	50	10	29179	42	0	0
default-mt1m-08	211597	blake3-worker-9	worker	719615190	59	12	34650	26	0	0
default-mt1m-08	211603	blake3-worker-1	worker	718094026	57	14	34448	32	0	0
default-mt1m-08	211596	blake3-worker-8	worker	718197983	57	14	34521	49	0	0
default-mt1m-08	211601	blake3-worker-1	worker	717360578	57	13	34690	36	0	0
default-mt1m-08	211607	blake3-worker-1	worker	719769872	59	12	34791	33	0	0
default-mt1m-08	211599	blake3-worker-1	worker	721000104	58	13	34842	39	0	0
default-mt1m-08	211589	blake3-worker-1	worker	720023185	56	15	34889	37	0	0
default-mt1m-08	211590	blake3-worker-2	worker	719234115	57	14	35027	33	0	0
default-mt1m-08	211594	blake3-worker-6	worker	721220626	58	13	35123	22	0	0
default-mt1m-08	211604	blake3-worker-1	worker	719503510	57	14	34828	30	0	0
default-mt1m-08	211606	blake3-worker-1	worker	720223278	58	13	34673	36	0	0
default-mt1m-08	211600	blake3-worker-1	worker	719428034	58	13	34696	29	0	0
default-mt1m-08	211605	blake3-worker-1	worker	721278120	57	14	34931	41	0	0
default-mt1m-08	211598	blake3-worker-1	worker	719884473	57	14	34851	38	0	0
default-mt1m-08	211593	blake3-worker-5	worker	720939712	57	14	35019	32	0	0
default-mt1m-08	211595	blake3-worker-7	worker	720048112	58	13	35037	41	0	0
default-mt1m-08	211588	probe	main	1946871090	193	1	4	70	66	0
default-mt1m-08	211592	blake3-worker-4	worker	721618065	57	15	34823	29	0	0
default-mt1m-08	211602	blake3-worker-1	worker	719692520	57	14	34984	39	0	0
default-mt1m-08	211591	blake3-worker-3	worker	719950418	59	12	34968	37	0	0
default-queue64-01	210877	blake3-worker-1	worker	33381911	3	0	400	0	0	0
default-queue64-01	210866	blake3-worker-8	worker	27072110	2	0	399	3	0	0
default-queue64-01	210872	blake3-worker-1	worker	31741870	2	0	392	1	0	0
default-queue64-01	210869	blake3-worker-1	worker	29999274	3	0	396	2	0	0
default-queue64-01	210859	blake3-worker-1	worker	32323813	3	0	400	2	0	0
default-queue64-01	210861	blake3-worker-3	worker	32498486	3	0	395	0	0	0
default-queue64-01	210860	blake3-worker-2	worker	35575560	3	0	401	0	0	0
default-queue64-01	210873	blake3-worker-1	worker	33810898	3	0	402	0	0	0
default-queue64-01	210870	blake3-worker-1	worker	33285952	3	0	399	2	0	0
default-queue64-01	210868	blake3-worker-1	worker	33998125	3	0	402	1	0	0
default-queue64-01	210878	blake3-servil-q	delivery	189369023	18	0	2051	1	23	0
default-queue64-01	210864	blake3-worker-6	worker	33529490	3	0	400	0	0	0
default-queue64-01	210876	blake3-worker-1	worker	33022141	3	0	403	1	0	0
default-queue64-01	210863	blake3-worker-5	worker	33763274	3	0	403	0	0	0
default-queue64-01	210862	blake3-worker-4	worker	34022775	3	0	406	1	0	0
default-queue64-01	210858	probe	main	203477870	19	0	477	6	1138	0
default-queue64-01	210865	blake3-worker-7	worker	33627767	3	0	397	0	0	0
default-queue64-01	210875	blake3-worker-1	worker	33248187	3	0	397	3	0	0
default-queue64-01	210871	blake3-worker-1	worker	34114302	3	0	402	0	0	0
default-queue64-01	210867	blake3-worker-9	worker	28661057	2	0	399	1	0	0
default-queue64-01	210874	blake3-worker-1	worker	33498994	3	0	397	0	0	0
default-queue64-02	210996	blake3-worker-1	worker	29130607	2	0	360	1	0	0
default-queue64-02	211001	blake3-worker-1	worker	20706939	2	0	344	1	0	0
default-queue64-02	210992	blake3-worker-1	worker	29940959	2	0	360	0	0	0
default-queue64-02	210997	blake3-worker-1	worker	35911542	3	0	360	1	0	0
default-queue64-02	210990	blake3-worker-8	worker	26448638	2	0	355	2	0	0
default-queue64-02	210985	blake3-worker-3	worker	29674848	2	0	357	0	0	0
default-queue64-02	210986	blake3-worker-4	worker	29360088	2	0	360	0	0	0
default-queue64-02	210991	blake3-worker-9	worker	29775165	2	0	360	0	0	0
default-queue64-02	211000	blake3-worker-1	worker	29337116	2	0	358	1	0	0
default-queue64-02	210989	blake3-worker-7	worker	29817356	2	0	360	0	0	0
default-queue64-02	210987	blake3-worker-5	worker	30022344	3	0	361	1	0	0
default-queue64-02	210982	probe	main	206865925	20	0	47	4	582	0
default-queue64-02	210993	blake3-worker-1	worker	29505126	2	0	359	1	0	0
default-queue64-02	211002	blake3-servil-q	delivery	185005212	18	0	2052	0	10	0
default-queue64-02	210984	blake3-worker-2	worker	26881214	2	0	354	2	0	0
default-queue64-02	210995	blake3-worker-1	worker	29712920	2	0	362	1	0	0
default-queue64-02	210983	blake3-worker-1	worker	25250109	2	0	353	2	0	0
default-queue64-02	210999	blake3-worker-1	worker	21989884	2	0	343	1	0	0
default-queue64-02	210998	blake3-worker-1	worker	27247210	2	0	357	2	0	0
default-queue64-02	210988	blake3-worker-6	worker	29529683	2	0	362	0	0	0
default-queue64-02	210994	blake3-worker-1	worker	30205761	2	0	364	1	0	0
default-queue64-03	211120	blake3-worker-1	worker	29810414	2	0	369	2	0	0
default-queue64-03	211125	blake3-worker-1	worker	29280119	2	0	368	2	0	0
default-queue64-03	211113	blake3-worker-7	worker	28637778	2	0	366	1	0	0
default-queue64-03	211106	probe	main	199229121	18	1	145	4	1138	0
default-queue64-03	211109	blake3-worker-3	worker	28843833	2	0	366	1	0	0
default-queue64-03	211111	blake3-worker-5	worker	28692362	2	0	365	1	0	0
default-queue64-03	211117	blake3-worker-1	worker	28762932	2	0	364	0	0	0
default-queue64-03	211112	blake3-worker-6	worker	23320848	2	0	358	1	0	0
default-queue64-03	211123	blake3-worker-1	worker	25255426	2	0	361	0	0	0
default-queue64-03	211124	blake3-worker-1	worker	28825083	2	0	371	0	0	0
default-queue64-03	211122	blake3-worker-1	worker	27012583	2	0	364	1	0	0
default-queue64-03	211119	blake3-worker-1	worker	29681689	2	0	366	1	0	0
default-queue64-03	211110	blake3-worker-4	worker	29149468	2	0	369	1	0	0
default-queue64-03	211118	blake3-worker-1	worker	28176956	2	0	366	2	0	0
default-queue64-03	211107	blake3-worker-1	worker	27039974	2	0	366	2	0	0
default-queue64-03	211116	blake3-worker-1	worker	29657396	2	0	363	2	0	0
default-queue64-03	211126	blake3-servil-q	delivery	181942712	18	0	2053	2	13	0
default-queue64-03	211121	blake3-worker-1	worker	28502181	2	0	361	2	0	0
default-queue64-03	211114	blake3-worker-8	worker	30135566	2	0	368	0	0	0
default-queue64-03	211115	blake3-worker-9	worker	35536971	3	0	367	0	0	0
default-queue64-03	211108	blake3-worker-2	worker	27866076	2	0	364	1	0	0
default-queue64-04	211230	probe	main	220505713	21	0	85	3	546	0
default-queue64-04	211242	blake3-worker-1	worker	33160832	3	0	378	0	0	0
default-queue64-04	211233	blake3-worker-3	worker	33666190	3	0	373	0	0	0
default-queue64-04	211239	blake3-worker-9	worker	33988908	3	0	379	3	0	0
default-queue64-04	211234	blake3-worker-4	worker	29608254	2	0	374	0	0	0
default-queue64-04	211243	blake3-worker-1	worker	33804929	3	0	378	0	0	0
default-queue64-04	211240	blake3-worker-1	worker	30423329	3	0	377	0	0	0
default-queue64-04	211237	blake3-worker-7	worker	33663682	3	0	376	2	0	0
default-queue64-04	211247	blake3-worker-1	worker	33650415	3	0	380	0	0	0
default-queue64-04	211235	blake3-worker-5	worker	28461886	2	0	368	0	0	0
default-queue64-04	211232	blake3-worker-2	worker	33628997	3	0	379	0	0	0
default-queue64-04	211245	blake3-worker-1	worker	33501167	3	0	378	0	0	0
default-queue64-04	211238	blake3-worker-8	worker	33258445	3	0	377	0	0	0
default-queue64-04	211231	blake3-worker-1	worker	32246656	3	0	378	0	0	0
default-queue64-04	211241	blake3-worker-1	worker	30728748	3	0	372	0	0	0
default-queue64-04	211248	blake3-worker-1	worker	32558125	3	0	375	0	0	0
default-queue64-04	211244	blake3-worker-1	worker	29401227	2	0	371	0	0	0
default-queue64-04	211250	blake3-servil-q	delivery	200361495	19	0	2053	2	29	0
default-queue64-04	211249	blake3-worker-1	worker	33623141	3	0	380	0	0	0
default-queue64-04	211236	blake3-worker-6	worker	38423109	3	0	378	0	0	0
default-queue64-04	211246	blake3-worker-1	worker	32131215	3	0	373	0	0	0
default-queue64-05	211353	blake3-worker-8	worker	31164418	3	0	386	0	0	0
default-queue64-05	211350	blake3-worker-5	worker	26544844	2	0	380	1	0	0
default-queue64-05	211351	blake3-worker-6	worker	31106882	3	0	386	1	0	0
default-queue64-05	211359	blake3-worker-1	worker	30631628	3	0	383	1	0	0
default-queue64-05	211347	blake3-worker-2	worker	31149561	3	0	385	0	0	0
default-queue64-05	211348	blake3-worker-3	worker	31175075	2	0	383	0	0	0
default-queue64-05	211360	blake3-worker-1	worker	31025836	3	0	385	2	0	0
default-queue64-05	211346	blake3-worker-1	worker	31233194	3	0	384	1	0	0
default-queue64-05	211352	blake3-worker-7	worker	30499673	2	0	382	0	0	0
default-queue64-05	211354	blake3-worker-9	worker	31133653	3	0	381	1	0	0
default-queue64-05	211363	blake3-worker-1	worker	26083200	2	0	376	0	0	0
default-queue64-05	211345	probe	main	198147203	19	0	611	2	1131	0
default-queue64-05	211361	blake3-worker-1	worker	31185720	3	0	381	1	0	0
default-queue64-05	211365	blake3-servil-q	delivery	182168002	17	0	2053	10	19	0
default-queue64-05	211357	blake3-worker-1	worker	24392137	2	0	371	1	0	0
default-queue64-05	211355	blake3-worker-1	worker	31292400	3	0	391	2	0	0
default-queue64-05	211358	blake3-worker-1	worker	31322370	3	0	386	2	0	0
default-queue64-05	211349	blake3-worker-4	worker	31255640	3	0	384	0	0	0
default-queue64-05	211356	blake3-worker-1	worker	31329551	3	0	387	0	0	0
default-queue64-05	211362	blake3-worker-1	worker	26501828	2	0	376	2	0	0
default-queue64-05	211364	blake3-worker-1	worker	26634932	2	0	379	1	0	0
default-queue64-06	211429	blake3-worker-1	worker	30017619	3	0	369	0	0	0
default-queue64-06	211420	blake3-worker-1	worker	26937906	2	0	359	0	0	0
default-queue64-06	211437	blake3-worker-1	worker	31161429	3	0	370	1	0	0
default-queue64-06	211439	blake3-servil-q	delivery	192178675	19	0	2053	7	26	0
default-queue64-06	211436	blake3-worker-1	worker	30038149	3	0	371	5	0	0
default-queue64-06	211435	blake3-worker-1	worker	31508704	3	0	374	4	0	0
default-queue64-06	211428	blake3-worker-9	worker	30864729	2	0	371	1	0	0
default-queue64-06	211434	blake3-worker-1	worker	32249481	3	0	373	0	0	0
default-queue64-06	211419	probe	main	208478157	20	0	162	7	556	0
default-queue64-06	211432	blake3-worker-1	worker	31291631	3	0	371	0	0	0
default-queue64-06	211423	blake3-worker-4	worker	31460677	3	0	370	0	0	0
default-queue64-06	211426	blake3-worker-7	worker	29697135	2	0	367	1	0	0
default-queue64-06	211425	blake3-worker-6	worker	28877483	2	0	365	1	0	0
default-queue64-06	211438	blake3-worker-1	worker	26719996	2	0	364	1	0	0
default-queue64-06	211433	blake3-worker-1	worker	31004937	3	0	365	1	0	0
default-queue64-06	211431	blake3-worker-1	worker	31852656	3	0	371	0	0	0
default-queue64-06	211422	blake3-worker-3	worker	32889382	3	0	373	1	0	0
default-queue64-06	211424	blake3-worker-5	worker	29041137	2	0	368	0	0	0
default-queue64-06	211430	blake3-worker-1	worker	30653682	2	0	370	1	0	0
default-queue64-06	211421	blake3-worker-2	worker	33320503	3	0	374	0	0	0
default-queue64-06	211427	blake3-worker-8	worker	26135771	2	0	363	1	0	0
default-queue64-07	211505	blake3-worker-1	worker	30328649	3	0	375	0	0	0
default-queue64-07	211501	blake3-worker-8	worker	29507880	2	0	380	4	0	0
default-queue64-07	211495	blake3-worker-2	worker	30061704	3	0	382	0	0	0
default-queue64-07	211513	blake3-servil-q	delivery	177415919	17	0	2052	3	36	0
default-queue64-07	211494	blake3-worker-1	worker	29448413	2	0	381	2	0	0
default-queue64-07	211506	blake3-worker-1	worker	29759142	2	0	379	1	0	0
default-queue64-07	211496	blake3-worker-3	worker	29870083	3	0	377	0	0	0
default-queue64-07	211497	blake3-worker-4	worker	29560985	2	0	379	0	0	0
default-queue64-07	211509	blake3-worker-1	worker	30095336	3	0	380	0	0	0
default-queue64-07	211499	blake3-worker-6	worker	28960801	2	0	377	1	0	0
default-queue64-07	211508	blake3-worker-1	worker	30017559	3	0	378	1	0	0
default-queue64-07	211503	blake3-worker-1	worker	29395236	2	0	377	2	0	0
default-queue64-07	211493	probe	main	197087542	18	1	161	11	1125	0
default-queue64-07	211507	blake3-worker-1	worker	27873324	2	0	371	2	0	0
default-queue64-07	211504	blake3-worker-1	worker	30544471	3	0	379	1	0	0
default-queue64-07	211498	blake3-worker-5	worker	30141972	3	0	375	0	0	0
default-queue64-07	211510	blake3-worker-1	worker	28812963	2	0	376	0	0	0
default-queue64-07	211502	blake3-worker-9	worker	30806254	2	0	380	0	0	0
default-queue64-07	211511	blake3-worker-1	worker	29557072	2	0	380	3	0	0
default-queue64-07	211500	blake3-worker-7	worker	28239329	2	0	373	3	0	0
default-queue64-07	211512	blake3-worker-1	worker	30132574	3	0	378	1	0	0
default-queue64-08	211582	blake3-worker-1	worker	31593477	3	0	384	0	0	0
default-queue64-08	211576	blake3-worker-9	worker	27149240	2	0	378	2	0	0
default-queue64-08	211573	blake3-worker-6	worker	27652007	2	0	381	0	0	0
default-queue64-08	211584	blake3-worker-1	worker	32015520	3	0	389	0	0	0
default-queue64-08	211571	blake3-worker-4	worker	31730287	3	0	385	1	0	0
default-queue64-08	211580	blake3-worker-1	worker	32138015	3	0	392	0	0	0
default-queue64-08	211574	blake3-worker-7	worker	31943408	2	0	385	0	0	0
default-queue64-08	211569	blake3-worker-2	worker	30958056	2	0	389	0	0	0
default-queue64-08	211570	blake3-worker-3	worker	32149375	3	0	389	0	0	0
default-queue64-08	211579	blake3-worker-1	worker	32468411	3	0	383	4	0	0
default-queue64-08	211586	blake3-worker-1	worker	32221077	3	0	383	1	0	0
default-queue64-08	211575	blake3-worker-8	worker	31544032	3	0	384	2	0	0
default-queue64-08	211572	blake3-worker-5	worker	32121275	3	0	388	1	0	0
default-queue64-08	211578	blake3-worker-1	worker	31573979	3	0	385	0	0	0
default-queue64-08	211583	blake3-worker-1	worker	31009501	2	0	383	1	0	0
default-queue64-08	211587	blake3-servil-q	delivery	185893808	18	0	2051	3	35	0
default-queue64-08	211568	blake3-worker-1	worker	27755660	2	0	383	1	0	0
default-queue64-08	211585	blake3-worker-1	worker	32240173	3	0	384	0	0	0
default-queue64-08	211577	blake3-worker-1	worker	29071798	2	0	377	1	0	0
default-queue64-08	211567	probe	main	203062383	19	0	190	13	551	0
default-queue64-08	211581	blake3-worker-1	worker	31970546	3	0	387	0	0	0
e-mt1m-01	210854	blake3-worker-2	worker	1022035044	101	1	8194	1	0	0
e-mt1m-01	210852	probe	main	1476659404	147	0	0	45	57	0
e-mt1m-01	210855	blake3-worker-3	worker	1021839967	100	1	8190	1	0	0
e-mt1m-01	210853	blake3-worker-1	worker	1022599281	101	0	8192	2	0	0
e-mt1m-02	210976	probe	main	1492787042	148	1	0	25	57	0
e-mt1m-02	210979	blake3-worker-3	worker	1026836380	102	0	8192	1	0	0
e-mt1m-02	210978	blake3-worker-2	worker	1028416549	102	0	8193	1	0	0
e-mt1m-02	210977	blake3-worker-1	worker	1027968113	101	1	8192	1	0	0
e-mt1m-03	211103	blake3-worker-3	worker	1022266341	100	1	8189	17	0	0
e-mt1m-03	211100	probe	main	1476301146	146	1	5	5	57	0
e-mt1m-03	211102	blake3-worker-2	worker	1021276768	100	1	8192	2	0	0
e-mt1m-03	211101	blake3-worker-1	worker	1020996140	101	0	8192	2	0	0
e-mt1m-04	211227	blake3-worker-3	worker	1023109971	101	0	8192	1	0	0
e-mt1m-04	211226	blake3-worker-2	worker	1022357831	101	0	8192	4	0	0
e-mt1m-04	211224	probe	main	1503657954	149	1	0	48	57	0
e-mt1m-04	211225	blake3-worker-1	worker	1022707034	101	0	8192	1	0	0
e-mt1m-05	211341	blake3-worker-2	worker	1025017976	101	1	8192	2	0	0
e-mt1m-05	211342	blake3-worker-3	worker	1025007247	100	2	8192	1	0	0
e-mt1m-05	211339	probe	main	1509749586	149	1	0	32	57	0
e-mt1m-05	211340	blake3-worker-1	worker	1024816015	100	1	8192	1	0	0
e-mt1m-06	211416	blake3-worker-3	worker	1023368574	100	1	8192	0	0	0
e-mt1m-06	211415	blake3-worker-2	worker	1022810724	101	1	8193	0	0	0
e-mt1m-06	211414	blake3-worker-1	worker	1023371106	100	2	8192	0	0	0
e-mt1m-06	211413	probe	main	1488714685	147	1	0	29	58	0
e-mt1m-07	211489	blake3-worker-2	worker	1020621846	101	0	8192	1	0	0
e-mt1m-07	211487	probe	main	1491614709	148	1	0	39	57	0
e-mt1m-07	211490	blake3-worker-3	worker	1021094515	101	1	8192	0	0	0
e-mt1m-07	211488	blake3-worker-1	worker	1020976879	100	1	8192	0	0	0
e-mt1m-08	211561	probe	main	1867539365	185	1	1	42	58	0
e-mt1m-08	211564	blake3-worker-3	worker	1280165328	126	1	10240	0	0	0
e-mt1m-08	211563	blake3-worker-2	worker	1280459164	126	1	10240	3	0	0
e-mt1m-08	211562	blake3-worker-1	worker	1280800152	126	1	10240	3	0	0
e-queue64-01	210848	blake3-worker-1	worker	269422805	26	0	2184	4728	0	0
e-queue64-01	210851	blake3-servil-q	delivery	406402977	39	1	2089	90	60	0
e-queue64-01	210850	blake3-worker-3	worker	257068417	25	0	2141	4916	0	0
e-queue64-01	210847	probe	main	437198216	42	1	12	63	1094	0
e-queue64-01	210849	blake3-worker-2	worker	274798356	26	0	2136	4054	0	0
e-queue64-02	210973	blake3-worker-2	worker	170042228	16	0	2100	3205	0	0
e-queue64-02	210974	blake3-worker-3	worker	178987274	17	0	2080	2810	0	0
e-queue64-02	210975	blake3-servil-q	delivery	268956992	26	0	2060	97	48	0
e-queue64-02	210972	blake3-worker-1	worker	176579008	17	0	2107	2915	0	0
e-queue64-02	210971	probe	main	299814417	28	1	9	23	1070	0
e-queue64-03	211095	probe	main	401225450	39	1	11	17	1119	0
e-queue64-03	211098	blake3-worker-3	worker	247237117	24	0	2154	4118	0	0
e-queue64-03	211097	blake3-worker-2	worker	234916772	22	1	2148	4564	0	0
e-queue64-03	211096	blake3-worker-1	worker	247812043	24	0	2121	4020	0	0
e-queue64-03	211099	blake3-servil-q	delivery	370499150	36	0	2061	94	42	0
e-queue64-04	211222	blake3-worker-3	worker	194988892	18	0	2117	3067	0	0
e-queue64-04	211219	probe	main	323075912	31	0	13	27	1080	0
e-queue64-04	211221	blake3-worker-2	worker	187296957	18	0	2119	3458	0	0
e-queue64-04	211220	blake3-worker-1	worker	189571232	18	0	2111	3275	0	0
e-queue64-04	211223	blake3-servil-q	delivery	291655330	27	1	2062	77	38	0
e-queue64-05	211338	blake3-servil-q	delivery	283727665	28	0	2064	127	45	0
e-queue64-05	211334	probe	main	315121483	30	1	16	22	1073	0
e-queue64-05	211337	blake3-worker-3	worker	182989198	17	0	2127	3375	0	0
e-queue64-05	211336	blake3-worker-2	worker	179048545	17	0	2044	3080	0	0
e-queue64-05	211335	blake3-worker-1	worker	195891777	19	0	2117	2868	0	0
e-queue64-06	211410	blake3-worker-2	worker	201849577	19	1	2154	3435	0	0
e-queue64-06	211408	probe	main	340371322	32	1	12	81	1063	0
e-queue64-06	211409	blake3-worker-1	worker	209294255	19	1	2154	3107	0	0
e-queue64-06	211411	blake3-worker-3	worker	190392570	18	0	2157	3785	0	0
e-queue64-06	211412	blake3-servil-q	delivery	309055135	30	0	2089	87	55	0
e-queue64-07	211486	blake3-servil-q	delivery	348220346	33	0	2072	102	56	0
e-queue64-07	211484	blake3-worker-2	worker	234006493	22	0	2148	3775	0	0
e-queue64-07	211483	blake3-worker-1	worker	227465368	22	0	2133	3885	0	0
e-queue64-07	211485	blake3-worker-3	worker	223430655	21	1	2123	3953	0	0
e-queue64-07	211482	probe	main	380124358	37	1	10	41	1072	0
e-queue64-08	211560	blake3-servil-q	delivery	270314036	26	0	2068	113	52	0
e-queue64-08	211556	probe	main	301250569	28	1	10	33	1066	0
e-queue64-08	211557	blake3-worker-1	worker	168783399	16	0	2133	3344	0	0
e-queue64-08	211558	blake3-worker-2	worker	175191176	16	0	2104	2984	0	0
e-queue64-08	211559	blake3-worker-3	worker	185749618	17	0	2101	2650	0	0
e-sha1m-01	210857	probe	main	1931450780	192	0	0	60	60	0
e-sha1m-02	210981	probe	main	1919694334	191	0	0	43	60	0
e-sha1m-03	211105	probe	main	1928544458	192	0	0	65	60	0
e-sha1m-04	211229	probe	main	1921572590	191	0	0	47	60	0
e-sha1m-05	211344	probe	main	1925681850	191	0	0	44	61	0
e-sha1m-06	211418	probe	main	1930483840	192	0	0	57	60	0
e-sha1m-07	211492	probe	main	1926519637	192	0	0	68	60	0
e-sha1m-08	211566	probe	main	1922496401	191	0	0	65	60	0
e-st1m-01	210856	probe	main	2056597721	205	0	0	60	60	0
e-st1m-02	210980	probe	main	2046688111	203	1	0	36	61	0
e-st1m-03	211104	probe	main	2050651968	204	0	0	50	60	0
e-st1m-04	211228	probe	main	2050631848	205	0	0	58	61	0
e-st1m-05	211343	probe	main	2066617963	206	0	0	52	62	0
e-st1m-06	211417	probe	main	2054388784	204	1	0	68	60	0
e-st1m-07	211491	probe	main	2054453995	204	1	0	68	60	0
e-st1m-08	211565	probe	main	2041465816	203	0	0	61	60	0
separate-p-mt1m-01	210824	blake3-worker-3	worker	956727391	94	1	18417	11	0	0
separate-p-mt1m-01	210822	blake3-worker-1	worker	950875099	93	1	18382	31	0	0
separate-p-mt1m-01	210823	blake3-worker-2	worker	952067155	93	1	18389	35	0	0
separate-p-mt1m-01	210821	probe	main	1651973811	164	1	2	82	57	0
separate-p-mt1m-02	210948	blake3-worker-3	worker	1160917886	113	2	22516	25	0	0
separate-p-mt1m-02	210947	blake3-worker-2	worker	1162318298	114	1	22517	13	0	0
separate-p-mt1m-02	210945	probe	main	1999326354	198	1	8	97	58	0
separate-p-mt1m-02	210946	blake3-worker-1	worker	1161755192	114	2	22517	10	0	0
separate-p-mt1m-03	211070	blake3-worker-1	worker	1056918246	103	1	20478	2	0	0
separate-p-mt1m-03	211072	blake3-worker-3	worker	1057503031	103	1	20477	26	0	0
separate-p-mt1m-03	211069	probe	main	1808708738	179	1	5	86	57	0
separate-p-mt1m-03	211071	blake3-worker-2	worker	1055990420	103	1	20479	9	0	0
separate-p-mt1m-04	211195	blake3-worker-2	worker	848250659	83	1	16377	23	0	0
separate-p-mt1m-04	211194	blake3-worker-1	worker	849952728	82	2	16382	25	0	0
separate-p-mt1m-04	211193	probe	main	1467982718	145	1	4	79	57	0
separate-p-mt1m-04	211196	blake3-worker-3	worker	847873119	83	1	16378	26	0	0
separate-p-mt1m-05	211320	blake3-worker-3	worker	948772584	92	1	18383	40	0	0
separate-p-mt1m-05	211318	blake3-worker-1	worker	948204785	92	1	18363	29	0	0
separate-p-mt1m-05	211319	blake3-worker-2	worker	952050092	93	1	18411	23	0	0
separate-p-mt1m-05	211317	probe	main	1635383818	162	1	7	81	57	0
separate-p-mt1m-06	211392	blake3-worker-1	worker	1053807601	104	1	20450	12	0	0
separate-p-mt1m-06	211393	blake3-worker-2	worker	1054388873	103	2	20428	21	0	0
separate-p-mt1m-06	211391	probe	main	1817356138	180	1	3	17	57	0
separate-p-mt1m-06	211394	blake3-worker-3	worker	1053976590	103	1	20425	40	0	0
separate-p-mt1m-07	211465	probe	main	1661841592	165	1	7	4	57	0
separate-p-mt1m-07	211468	blake3-worker-3	worker	944065337	92	2	18366	130	0	0
separate-p-mt1m-07	211467	blake3-worker-2	worker	943976447	92	1	18383	122	0	0
separate-p-mt1m-07	211466	blake3-worker-1	worker	951428041	93	1	18404	79	0	0
separate-p-mt1m-08	211541	blake3-worker-2	worker	1066238355	104	1	20451	30	0	0
separate-p-mt1m-08	211542	blake3-worker-3	worker	1065202899	104	2	20427	20	0	0
separate-p-mt1m-08	211540	blake3-worker-1	worker	1060416806	103	2	20370	31	0	0
separate-p-mt1m-08	211539	probe	main	1839250862	182	2	6	92	57	0
separate-p-queue64-01	210820	blake3-servil-q	delivery	409088120	40	0	2058	17	21	0
separate-p-queue64-01	210819	blake3-worker-3	worker	273755087	26	1	2008	4942	0	0
separate-p-queue64-01	210816	probe	main	415748804	40	1	28	12	1132	0
separate-p-queue64-01	210818	blake3-worker-2	worker	267418317	25	1	2002	5174	0	0
separate-p-queue64-01	210817	blake3-worker-1	worker	264215425	25	0	2017	5478	0	0
separate-p-queue64-02	210940	probe	main	415864175	40	0	72	85	1127	0
separate-p-queue64-02	210941	blake3-worker-1	worker	284461735	27	0	1950	3786	0	0
separate-p-queue64-02	210942	blake3-worker-2	worker	265982379	26	0	1991	4934	0	0
separate-p-queue64-02	210944	blake3-servil-q	delivery	409488036	40	0	2097	10	16	0
separate-p-queue64-02	210943	blake3-worker-3	worker	257052902	25	0	1909	4567	0	0
separate-p-queue64-03	211064	probe	main	405836079	39	1	140	50	1102	0
separate-p-queue64-03	211065	blake3-worker-1	worker	259233860	25	0	1988	4684	0	0
separate-p-queue64-03	211067	blake3-worker-3	worker	277305125	27	0	2001	4019	0	0
separate-p-queue64-03	211066	blake3-worker-2	worker	249681451	24	0	2006	5245	0	0
separate-p-queue64-03	211068	blake3-servil-q	delivery	398279940	39	0	2085	21	17	0
separate-p-queue64-04	211191	blake3-worker-3	worker	247986656	24	0	1927	3096	0	0
separate-p-queue64-04	211188	probe	main	364169027	36	0	53	54	1139	0
separate-p-queue64-04	211192	blake3-servil-q	delivery	356475830	35	0	2088	11	19	0
separate-p-queue64-04	211190	blake3-worker-2	worker	227561431	22	0	1855	3361	0	0
separate-p-queue64-04	211189	blake3-worker-1	worker	224996504	22	0	1901	3825	0	0
separate-p-queue64-05	211315	blake3-worker-3	worker	213677817	21	0	1904	3140	0	0
separate-p-queue64-05	211314	blake3-worker-2	worker	219362376	21	0	1936	3094	0	0
separate-p-queue64-05	211316	blake3-servil-q	delivery	321978350	31	0	2085	60	22	0
separate-p-queue64-05	211313	blake3-worker-1	worker	198880943	19	0	1886	3627	0	0
separate-p-queue64-05	211312	probe	main	329468899	32	0	96	59	1098	0
separate-p-queue64-06	211387	blake3-worker-1	worker	267169192	26	0	1921	3680	0	0
separate-p-queue64-06	211388	blake3-worker-2	worker	260942237	25	0	1979	4296	0	0
separate-p-queue64-06	211386	probe	main	401028583	39	0	401	78	1104	0
separate-p-queue64-06	211389	blake3-worker-3	worker	249701675	24	0	1939	4556	0	0
separate-p-queue64-06	211390	blake3-servil-q	delivery	394516918	38	1	2091	30	15	0
separate-p-queue64-07	211460	probe	main	378257485	37	0	19	73	1117	0
separate-p-queue64-07	211461	blake3-worker-1	worker	237826117	23	0	1968	3968	0	0
separate-p-queue64-07	211464	blake3-servil-q	delivery	360642737	35	0	2083	14	2	0
separate-p-queue64-07	211462	blake3-worker-2	worker	245419538	24	0	1962	3591	0	0
separate-p-queue64-07	211463	blake3-worker-3	worker	223288364	21	0	1954	4363	0	0
separate-p-queue64-08	211535	blake3-worker-1	worker	253264511	24	0	1906	3728	0	0
separate-p-queue64-08	211538	blake3-servil-q	delivery	388429260	38	0	2093	7	16	0
separate-p-queue64-08	211536	blake3-worker-2	worker	243807700	24	0	1921	4261	0	0
separate-p-queue64-08	211537	blake3-worker-3	worker	264932850	25	0	1952	3587	0	0
separate-p-queue64-08	211534	probe	main	395731535	38	1	431	76	1137	0
separate-p-sha1m-01	210826	probe	main	1900589648	189	0	0	68	60	0
separate-p-sha1m-02	210950	probe	main	1924057082	191	0	0	130	60	0
separate-p-sha1m-03	211074	probe	main	1897509698	189	0	0	67	60	0
separate-p-sha1m-04	211198	probe	main	1903292181	189	0	0	122	60	0
separate-p-sha1m-05	211322	probe	main	1907309415	190	0	0	129	60	0
separate-p-sha1m-06	211396	probe	main	1908556043	190	0	0	66	60	0
separate-p-sha1m-07	211470	probe	main	1921002600	191	0	0	127	60	0
separate-p-sha1m-08	211544	probe	main	1937330797	193	0	0	129	60	0
separate-p-st1m-01	210825	probe	main	2222525522	221	0	0	80	63	0
separate-p-st1m-02	210949	probe	main	1812243020	180	0	0	100	62	0
separate-p-st1m-03	211073	probe	main	1776823954	177	0	1	61	60	0
separate-p-st1m-04	211197	probe	main	1788348094	178	0	0	118	61	0
separate-p-st1m-05	211321	probe	main	1781367268	178	0	0	116	60	0
separate-p-st1m-06	211395	probe	main	2218492175	221	0	0	79	63	0
separate-p-st1m-07	211469	probe	main	1815131909	181	0	0	105	61	0
separate-p-st1m-08	211543	probe	main	1816364656	181	0	0	70	61	0
smt-mt1m-01	210844	blake3-worker-3	worker	1397077691	138	1	16384	13	0	0
smt-mt1m-01	210842	blake3-worker-1	worker	1397748659	138	1	16384	10	0	0
smt-mt1m-01	210843	blake3-worker-2	worker	1400021099	138	1	16384	1	0	0
smt-mt1m-01	210841	probe	main	2004761745	199	0	2	34	57	0
smt-mt1m-02	210965	probe	main	1738754156	172	1	0	32	57	0
smt-mt1m-02	210967	blake3-worker-2	worker	1223117827	120	2	14336	1	0	0
smt-mt1m-02	210968	blake3-worker-3	worker	1220334648	120	1	14336	10	0	0
smt-mt1m-02	210966	blake3-worker-1	worker	1220631267	119	2	14336	0	0	0
smt-mt1m-03	211089	probe	main	1999190212	198	1	4	33	57	0
smt-mt1m-03	211092	blake3-worker-3	worker	1397235321	138	1	16385	13	0	0
smt-mt1m-03	211090	blake3-worker-1	worker	1396170240	138	1	16386	1	0	0
smt-mt1m-03	211091	blake3-worker-2	worker	1396668731	137	2	16384	6	0	0
smt-mt1m-04	211213	probe	main	1754599624	174	1	0	61	57	0
smt-mt1m-04	211216	blake3-worker-3	worker	1221248138	120	1	14336	15	0	0
smt-mt1m-04	211214	blake3-worker-1	worker	1221446152	120	1	14336	1	0	0
smt-mt1m-04	211215	blake3-worker-2	worker	1221616237	120	1	14336	2	0	0
smt-mt1m-05	211329	blake3-worker-1	worker	1398683355	137	2	16384	16	0	0
smt-mt1m-05	211328	probe	main	2011528800	199	1	0	61	57	0
smt-mt1m-05	211331	blake3-worker-3	worker	1398560558	137	2	16385	3	0	0
smt-mt1m-05	211330	blake3-worker-2	worker	1402170615	137	2	16386	1	0	0
smt-mt1m-06	211402	probe	main	1745025007	173	0	6	18	57	0
smt-mt1m-06	211403	blake3-worker-1	worker	1222801279	120	2	14332	8	0	0
smt-mt1m-06	211405	blake3-worker-3	worker	1222414713	120	1	14325	5	7	0
smt-mt1m-06	211404	blake3-worker-2	worker	1221795088	120	2	14334	13	0	0
smt-mt1m-07	211479	blake3-worker-3	worker	1397789376	138	0	16377	19	0	0
smt-mt1m-07	211478	blake3-worker-2	worker	1399346730	138	1	16382	16	0	0
smt-mt1m-07	211477	blake3-worker-1	worker	1401652404	138	1	16381	5	0	0
smt-mt1m-07	211476	probe	main	2002733871	198	2	8	30	57	0
smt-mt1m-08	211551	blake3-worker-1	worker	1045839734	103	1	12288	6	0	0
smt-mt1m-08	211552	blake3-worker-2	worker	1046454830	102	1	12288	19	0	0
smt-mt1m-08	211550	probe	main	1498416684	148	1	4	2	57	0
smt-mt1m-08	211553	blake3-worker-3	worker	1045337404	102	1	12288	10	0	0
smt-queue64-01	210839	blake3-worker-3	worker	317047784	30	0	1542	1762	0	0
smt-queue64-01	210836	probe	main	510479762	50	0	3	25	1100	0
smt-queue64-01	210840	blake3-servil-q	delivery	498229768	49	0	2062	12	19	0
smt-queue64-01	210837	blake3-worker-1	worker	325338544	32	0	1543	1536	0	0
smt-queue64-01	210838	blake3-worker-2	worker	337350400	32	1	1606	1558	0	0
smt-queue64-02	210963	blake3-worker-3	worker	342712040	33	0	1674	2468	0	0
smt-queue64-02	210962	blake3-worker-2	worker	333364400	32	0	1641	2534	0	0
smt-queue64-02	210961	blake3-worker-1	worker	333547861	32	0	1641	2607	0	0
smt-queue64-02	210960	probe	main	524993312	52	0	3	33	1104	0
smt-queue64-02	210964	blake3-servil-q	delivery	512811973	50	0	2064	3	15	0
smt-queue64-03	211086	blake3-worker-2	worker	471288991	46	0	1529	1785	0	0
smt-queue64-03	211087	blake3-worker-3	worker	458185760	45	0	1510	2010	0	0
smt-queue64-03	211088	blake3-servil-q	delivery	706191956	69	0	2064	1	14	0
smt-queue64-03	211084	probe	main	719031237	71	0	2	40	1120	0
smt-queue64-03	211085	blake3-worker-1	worker	468562861	46	0	1530	1766	0	0
smt-queue64-04	211209	blake3-worker-1	worker	346348752	34	0	1570	1789	0	0
smt-queue64-04	211208	probe	main	541799982	53	0	6	28	1104	0
smt-queue64-04	211211	blake3-worker-3	worker	350348981	34	0	1552	1527	0	0
smt-queue64-04	211210	blake3-worker-2	worker	343666333	33	0	1536	1638	0	0
smt-queue64-04	211212	blake3-servil-q	delivery	529036656	51	1	2062	5	15	0
smt-queue64-05	211327	blake3-servil-q	delivery	699348879	68	1	2054	24	14	0
smt-queue64-05	211323	probe	main	711532389	70	0	6	10	1142	0
smt-queue64-05	211324	blake3-worker-1	worker	460027173	45	0	1483	1290	0	0
smt-queue64-05	211326	blake3-worker-3	worker	459950729	45	0	1491	1520	0	0
smt-queue64-05	211325	blake3-worker-2	worker	460797731	45	0	1476	1133	0	0
smt-queue64-06	211399	blake3-worker-2	worker	367482599	36	0	1458	893	0	0
smt-queue64-06	211398	blake3-worker-1	worker	374909703	36	0	1487	942	0	0
smt-queue64-06	211401	blake3-servil-q	delivery	565140878	55	1	2054	4	18	0
smt-queue64-06	211400	blake3-worker-3	worker	369219096	36	0	1464	952	0	0
smt-queue64-06	211397	probe	main	578015695	57	0	3	12	1102	0
smt-queue64-07	211474	blake3-worker-3	worker	294687641	28	0	1680	3074	0	0
smt-queue64-07	211472	blake3-worker-1	worker	310963767	30	0	1746	3023	0	0
smt-queue64-07	211471	probe	main	480672419	47	0	6	49	1104	0
smt-queue64-07	211473	blake3-worker-2	worker	316112231	30	1	1724	2516	0	0
smt-queue64-07	211475	blake3-servil-q	delivery	468500411	46	0	2074	8	15	0
smt-queue64-08	211545	probe	main	657645937	65	0	1	29	322	0
smt-queue64-08	211548	blake3-worker-3	worker	423413081	41	1	1458	993	0	0
smt-queue64-08	211546	blake3-worker-1	worker	431992399	42	0	1478	1023	0	0
smt-queue64-08	211549	blake3-servil-q	delivery	645940724	63	1	2061	3	2	0
smt-queue64-08	211547	blake3-worker-2	worker	422667111	41	0	1459	998	0	0
smt-sha1m-01	210846	probe	main	1920760454	191	0	0	56	60	0
smt-sha1m-02	210970	probe	main	1930498540	192	0	0	65	60	0
smt-sha1m-03	211094	probe	main	1922719583	192	0	0	62	61	0
smt-sha1m-04	211218	probe	main	1924552800	192	0	0	74	60	0
smt-sha1m-05	211333	probe	main	1927600191	192	0	0	64	60	0
smt-sha1m-06	211407	probe	main	1932517702	192	0	0	71	60	0
smt-sha1m-07	211481	probe	main	1933603901	193	0	0	68	60	0
smt-sha1m-08	211555	probe	main	1934565250	193	0	0	52	61	0
smt-st1m-01	210845	probe	main	1815529781	181	0	0	59	61	0
smt-st1m-02	210969	probe	main	1807548231	180	0	0	55	60	0
smt-st1m-03	211093	probe	main	1816570860	181	0	0	56	61	0
smt-st1m-04	211217	probe	main	2250673751	224	0	0	71	62	0
smt-st1m-05	211332	probe	main	1816628145	181	0	0	48	60	0
smt-st1m-06	211406	probe	main	1813553025	181	0	0	54	62	0
smt-st1m-07	211480	probe	main	1813437961	181	0	0	87	61	0
smt-st1m-08	211554	probe	main	1812584778	181	0	0	64	60	0
