# Fixed harness anchors; byte i = i % 251.
# BLAKE3: published test_vectors.json first 32 bytes; SHA families: explicitly generated with Python hashlib/OpenSSL on 2026-10-01.
# length	family	digest_hex
64	blake3	4eed7141ea4a5cd4b788606bd23f46e212af9cacebacdc7d1f4c6dc7f2511b98
64	sha256	fdeab9acf3710362bd2658cdc9a29e8f9c757fcf9811603a8c447cd1d9151108
64	sha3-256	c8ad478f4e1dd9d47dfc3b985708d92db1f8db48fe9cddd459e63c321f490402
64	sha1dc	c6138d514ffa2135bfce0ed0b8fac65669917ec7
2048	blake3	e776b6028c7cd22a4d0ba182a8bf62205d2ef576467e838ed6f2529b85fba24a
2048	sha256	b2a8170614e23194ae2951423d601987f518ce2f11205d7b0b708080103b9f76
2048	sha3-256	51a0283a8332e99679957152f59acd063596f607f567053ef538e64c9f75ecf2
2048	sha1dc	b473a1c7d3ec7fa9036b3158a979dc0c65ab6d98
102400	blake3	bc3e3d41a1146b069abffad3c0d44860cf664390afce4d9661f7902e7943e085
102400	sha256	74588b7f0bcc354ac14d9cf199fa3a20c05f0c7293b9075b2f2e146e718de800
102400	sha3-256	14f61e0b532a9566801359c3238ccfc25b66b2c64815393498ffc1f60fc731e6
102400	sha1dc	f18b928d893ae172a000efa19b80e1c04fb36414
