contender,length,sample,calls,factor,completed_hashes,wall_ns,p_cycles,p_instructions,p_time_ns,e_cycles,e_instructions,e_time_ns
sha256,64,0,23528,1,23528,1455150,,,,,,
sha256,64,1,23528,1,23528,1451885,,,,,,
sha256,64,2,23528,1,23528,1463610,,,,,,
sha256,64,3,23528,1,23528,1450923,,,,,,
sha256,64,4,23528,1,23528,1456946,,,,,,
sha256,64,5,23528,1,23528,1450888,,,,,,
sha256,64,6,23528,1,23528,1450813,,,,,,
sha256,64,7,23528,1,23528,1455310,,,,,,
sha256,64,8,23528,1,23528,1454462,,,,,,
sha256,64,9,23528,1,23528,1452224,,,,,,
sha256,64,10,23528,1,23528,1451254,,,,,,
sha256,64,11,23528,1,23528,1451973,,,,,,
sha256,64,12,23528,1,23528,1451836,,,,,,
sha256,64,13,23528,1,23528,1458179,,,,,,
sha256,64,14,23528,1,23528,1452485,,,,,,
sha256,64,15,23528,1,23528,1459181,,,,,,
sha256,64,16,23528,1,23528,1456522,,,,,,
sha256,64,17,23528,1,23528,1452567,,,,,,
sha256,64,18,23528,1,23528,1453415,,,,,,
sha256,64,19,23528,1,23528,1456981,,,,,,
sha256,64,20,23528,1,23528,1457480,,,,,,
sha256,64,21,23528,1,23528,1458427,,,,,,
sha256,64,22,23528,1,23528,1457579,,,,,,
sha256,64,23,23528,1,23528,1477295,,,,,,
sha256,64,24,23528,1,23528,1458695,,,,,,
sha256,64,25,23528,1,23528,1458659,,,,,,
sha256,64,26,23528,1,23528,1534986,,,,,,
sha256,64,27,23528,1,23528,1460264,,,,,,
sha256,64,28,23528,1,23528,1476319,,,,,,
sha256,64,29,23528,1,23528,1465905,,,,,,
sha256,64,30,23528,1,23528,1473481,,,,,,
sha256,64,31,23528,1,23528,1457797,,,,,,
sha256,64,32,23528,1,23528,1456671,,,,,,
sha256,64,33,23528,1,23528,1461164,,,,,,
sha256,64,34,23528,1,23528,1454621,,,,,,
sha256,64,35,23528,1,23528,1468956,,,,,,
sha256,64,36,23528,1,23528,1519486,,,,,,
sha256,64,37,23528,1,23528,1477858,,,,,,
sha256,64,38,23528,1,23528,1463748,,,,,,
sha256,64,39,23528,1,23528,1457804,,,,,,
sha256,64,40,23528,1,23528,1451212,,,,,,
sha256,64,41,23528,1,23528,1459122,,,,,,
sha256,64,42,23528,1,23528,1731826,,,,,,
sha256,64,43,23528,1,23528,1458426,,,,,,
sha256,64,44,23528,1,23528,1459017,,,,,,
sha256,64,45,23528,1,23528,1453194,,,,,,
sha256,64,46,23528,1,23528,1457100,,,,,,
sha256,64,47,23528,1,23528,1460201,,,,,,
sha256,64,48,23528,1,23528,1451120,,,,,,
sha256,64,49,23528,1,23528,1457550,,,,,,
sha256,64,50,23528,1,23528,1456084,,,,,,
sha256,64,51,23528,1,23528,1457155,,,,,,
sha256,64,52,23528,1,23528,1458463,,,,,,
sha256,64,53,23528,1,23528,1453904,,,,,,
sha256,64,54,23528,1,23528,1451983,,,,,,
sha256,64,55,23528,1,23528,1452769,,,,,,
sha256,64,56,23528,1,23528,1455418,,,,,,
sha256,64,57,23528,1,23528,1454479,,,,,,
sha256,64,58,23528,1,23528,1457148,,,,,,
sha256,64,59,23528,1,23528,1460074,,,,,,
sha256,64,60,23528,1,23528,1454552,,,,,,
sha256,64,61,23528,1,23528,1451571,,,,,,
sha256,64,62,23528,1,23528,1457002,,,,,,
sha256,64,63,23528,1,23528,1456926,,,,,,
sha256,64,64,23528,1,23528,1450497,,,,,,
sha256,64,65,23528,1,23528,1459603,,,,,,
sha256,64,66,23528,1,23528,1458096,,,,,,
sha256,64,67,23528,1,23528,1454721,,,,,,
sha256,64,68,23528,1,23528,1451109,,,,,,
sha256,64,69,23528,1,23528,1455250,,,,,,
sha256,64,70,23528,1,23528,1451481,,,,,,
sha256,64,71,23528,1,23528,1451922,,,,,,
sha256,64,72,23528,1,23528,1456157,,,,,,
sha256,64,73,23528,1,23528,1451965,,,,,,
sha256,64,74,23528,1,23528,1450881,,,,,,
sha256,64,75,23528,1,23528,1455182,,,,,,
sha256,64,76,23528,1,23528,1457083,,,,,,
sha256,64,77,23528,1,23528,1455272,,,,,,
sha256,64,78,23528,1,23528,1497422,,,,,,
sha256,64,79,23528,1,23528,1485702,,,,,,
sha256,64,80,23528,1,23528,1463142,,,,,,
sha256,64,81,23528,1,23528,1461267,,,,,,
sha256,64,82,23528,1,23528,1477397,,,,,,
sha256,64,83,23528,1,23528,1469678,,,,,,
sha256,64,84,23528,1,23528,1464121,,,,,,
sha256,64,85,23528,1,23528,1463116,,,,,,
sha256,64,86,23528,1,23528,1456874,,,,,,
sha256,64,87,23528,1,23528,1452748,,,,,,
sha256,64,88,23528,1,23528,1454473,,,,,,
sha256,64,89,23528,1,23528,1451014,,,,,,
sha256,64,90,23528,1,23528,1456388,,,,,,
sha256,64,91,23528,1,23528,1454906,,,,,,
sha256,64,92,23528,1,23528,1448751,,,,,,
sha256,64,93,23528,1,23528,1434835,,,,,,
sha256,64,94,23528,1,23528,1427515,,,,,,
sha256,64,95,23528,1,23528,1423150,,,,,,
sha256,64,96,23528,1,23528,1426425,,,,,,
sha256,64,97,23528,1,23528,1423801,,,,,,
sha256,64,98,23528,1,23528,1431069,,,,,,
sha256,64,99,23528,1,23528,1431364,,,,,,
sha256,64,100,23528,1,23528,1426971,,,,,,
sha256,64,101,23528,1,23528,1426515,,,,,,
sha256,64,102,23528,1,23528,1423507,,,,,,
sha256,64,103,23528,1,23528,1423650,,,,,,
sha256,64,104,23528,1,23528,1432789,,,,,,
sha256,64,105,23528,1,23528,1430374,,,,,,
sha256,64,106,23528,1,23528,1425014,,,,,,
sha256,64,107,23528,1,23528,1423343,,,,,,
sha256,64,108,23528,1,23528,1429024,,,,,,
sha256,64,109,23528,1,23528,1432536,,,,,,
sha256,64,110,23528,1,23528,1423052,,,,,,
sha256,64,111,23528,1,23528,1423508,,,,,,
sha256,64,112,23528,1,23528,1422912,,,,,,
sha256,64,113,23528,1,23528,1434860,,,,,,
sha256,64,114,23528,1,23528,1424897,,,,,,
sha256,64,115,23528,1,23528,1428244,,,,,,
sha256,64,116,23528,1,23528,1424661,,,,,,
sha256,64,117,23528,1,23528,1424613,,,,,,
sha256,64,118,23528,1,23528,1425586,,,,,,
sha256,64,119,23528,1,23528,1424811,,,,,,
sha256,64,120,23528,1,23528,1425343,,,,,,
sha256,64,121,23528,1,23528,1422458,,,,,,
sha256,64,122,23528,1,23528,1421976,,,,,,
sha256,64,123,23528,1,23528,1428118,,,,,,
sha256,64,124,23528,1,23528,1421684,,,,,,
sha256,64,125,23528,1,23528,1426335,,,,,,
sha256,64,126,23528,1,23528,1431613,,,,,,
sha256,64,127,23528,1,23528,1428259,,,,,,
sha256,2048,0,2203,1,2203,1965407,,,,,,
sha256,2048,1,2203,1,2203,1965009,,,,,,
sha256,2048,2,2203,1,2203,1965198,,,,,,
sha256,2048,3,2203,1,2203,1967040,,,,,,
sha256,2048,4,2203,1,2203,1965499,,,,,,
sha256,2048,5,2203,1,2203,1968234,,,,,,
sha256,2048,6,2203,1,2203,1948175,,,,,,
sha256,2048,7,2203,1,2203,1949256,,,,,,
sha256,2048,8,2203,1,2203,1937345,,,,,,
sha256,2048,9,2203,1,2203,1933068,,,,,,
sha256,2048,10,2203,1,2203,1924598,,,,,,
sha256,2048,11,2203,1,2203,1928657,,,,,,
sha256,2048,12,2203,1,2203,1928666,,,,,,
sha256,2048,13,2203,1,2203,1928596,,,,,,
sha256,2048,14,2203,1,2203,1922814,,,,,,
sha256,2048,15,2203,1,2203,1933264,,,,,,
sha256,2048,16,2203,1,2203,1927507,,,,,,
sha256,2048,17,2203,1,2203,1924933,,,,,,
sha256,2048,18,2203,1,2203,1926512,,,,,,
sha256,2048,19,2203,1,2203,1925126,,,,,,
sha256,2048,20,2203,1,2203,1925435,,,,,,
sha256,2048,21,2203,1,2203,2289421,,,,,,
sha256,2048,22,2203,1,2203,1924311,,,,,,
sha256,2048,23,2203,1,2203,1927150,,,,,,
sha256,2048,24,2203,1,2203,1928955,,,,,,
sha256,2048,25,2203,1,2203,1923957,,,,,,
sha256,2048,26,2203,1,2203,1926136,,,,,,
sha256,2048,27,2203,1,2203,1924365,,,,,,
sha256,2048,28,2203,1,2203,1924776,,,,,,
sha256,2048,29,2203,1,2203,1924500,,,,,,
sha256,2048,30,2203,1,2203,1925034,,,,,,
sha256,2048,31,2203,1,2203,1925446,,,,,,
sha256,2048,32,2203,1,2203,1927797,,,,,,
sha256,2048,33,2203,1,2203,1926426,,,,,,
sha256,2048,34,2203,1,2203,1923985,,,,,,
sha256,2048,35,2203,1,2203,1923937,,,,,,
sha256,2048,36,2203,1,2203,1924015,,,,,,
sha256,2048,37,2203,1,2203,1923951,,,,,,
sha256,2048,38,2203,1,2203,1924286,,,,,,
sha256,2048,39,2203,1,2203,1923953,,,,,,
sha256,2048,40,2203,1,2203,1941302,,,,,,
sha256,2048,41,2203,1,2203,2024494,,,,,,
sha256,2048,42,2203,1,2203,2008879,,,,,,
sha256,2048,43,2203,1,2203,1967516,,,,,,
sha256,2048,44,2203,1,2203,1971895,,,,,,
sha256,2048,45,2203,1,2203,1971677,,,,,,
sha256,2048,46,2203,1,2203,1968454,,,,,,
sha256,2048,47,2203,1,2203,1971019,,,,,,
sha256,2048,48,2203,1,2203,1959736,,,,,,
sha256,2048,49,2203,1,2203,1945456,,,,,,
sha256,2048,50,2203,1,2203,1943753,,,,,,
sha256,2048,51,2203,1,2203,1933566,,,,,,
sha256,2048,52,2203,1,2203,1927248,,,,,,
sha256,2048,53,2203,1,2203,1924382,,,,,,
sha256,2048,54,2203,1,2203,1924367,,,,,,
sha256,2048,55,2203,1,2203,2303615,,,,,,
sha256,2048,56,2203,1,2203,1923965,,,,,,
sha256,2048,57,2203,1,2203,1923875,,,,,,
sha256,2048,58,2203,1,2203,1931760,,,,,,
sha256,2048,59,2203,1,2203,1928526,,,,,,
sha256,2048,60,2203,1,2203,1924920,,,,,,
sha256,2048,61,2203,1,2203,1924486,,,,,,
sha256,2048,62,2203,1,2203,1924428,,,,,,
sha256,2048,63,2203,1,2203,1925763,,,,,,
sha256,2048,64,2203,1,2203,1924209,,,,,,
sha256,2048,65,2203,1,2203,1924102,,,,,,
sha256,2048,66,2203,1,2203,1924679,,,,,,
sha256,2048,67,2203,1,2203,1928274,,,,,,
sha256,2048,68,2203,1,2203,1926568,,,,,,
sha256,2048,69,2203,1,2203,1924181,,,,,,
sha256,2048,70,2203,1,2203,1923992,,,,,,
sha256,2048,71,2203,1,2203,1923115,,,,,,
sha256,2048,72,2203,1,2203,1923999,,,,,,
sha256,2048,73,2203,1,2203,1923868,,,,,,
sha256,2048,74,2203,1,2203,1928010,,,,,,
sha256,2048,75,2203,1,2203,1931172,,,,,,
sha256,2048,76,2203,1,2203,1926774,,,,,,
sha256,2048,77,2203,1,2203,1924893,,,,,,
sha256,2048,78,2203,1,2203,1924806,,,,,,
sha256,2048,79,2203,1,2203,1923909,,,,,,
sha256,2048,80,2203,1,2203,1927909,,,,,,
sha256,2048,81,2203,1,2203,1949299,,,,,,
sha256,2048,82,2203,1,2203,1963429,,,,,,
sha256,2048,83,2203,1,2203,1964938,,,,,,
sha256,2048,84,2203,1,2203,1968808,,,,,,
sha256,2048,85,2203,1,2203,1967112,,,,,,
sha256,2048,86,2203,1,2203,1965874,,,,,,
sha256,2048,87,2203,1,2203,1967171,,,,,,
sha256,2048,88,2203,1,2203,1976257,,,,,,
sha256,2048,89,2203,1,2203,1978531,,,,,,
sha256,2048,90,2203,1,2203,1978859,,,,,,
sha256,2048,91,2203,1,2203,1965268,,,,,,
sha256,2048,92,2203,1,2203,1971964,,,,,,
sha256,2048,93,2203,1,2203,1964561,,,,,,
sha256,2048,94,2203,1,2203,1964463,,,,,,
sha256,2048,95,2203,1,2203,1963842,,,,,,
sha256,2048,96,2203,1,2203,1963567,,,,,,
sha256,2048,97,2203,1,2203,1963498,,,,,,
sha256,2048,98,2203,1,2203,2334828,,,,,,
sha256,2048,99,2203,1,2203,1963752,,,,,,
sha256,2048,100,2203,1,2203,1964264,,,,,,
sha256,2048,101,2203,1,2203,1964760,,,,,,
sha256,2048,102,2203,1,2203,1963612,,,,,,
sha256,2048,103,2203,1,2203,1963591,,,,,,
sha256,2048,104,2203,1,2203,1963638,,,,,,
sha256,2048,105,2203,1,2203,1963685,,,,,,
sha256,2048,106,2203,1,2203,1964745,,,,,,
sha256,2048,107,2203,1,2203,1964565,,,,,,
sha256,2048,108,2203,1,2203,1964392,,,,,,
sha256,2048,109,2203,1,2203,1966925,,,,,,
sha256,2048,110,2203,1,2203,1963811,,,,,,
sha256,2048,111,2203,1,2203,1964411,,,,,,
sha256,2048,112,2203,1,2203,1963905,,,,,,
sha256,2048,113,2203,1,2203,1964573,,,,,,
sha256,2048,114,2203,1,2203,1963670,,,,,,
sha256,2048,115,2203,1,2203,1963530,,,,,,
sha256,2048,116,2203,1,2203,1964493,,,,,,
sha256,2048,117,2203,1,2203,1963686,,,,,,
sha256,2048,118,2203,1,2203,1966033,,,,,,
sha256,2048,119,2203,1,2203,1963410,,,,,,
sha256,2048,120,2203,1,2203,1968571,,,,,,
sha256,2048,121,2203,1,2203,1964730,,,,,,
sha256,2048,122,2203,1,2203,1964966,,,,,,
sha256,2048,123,2203,1,2203,1963389,,,,,,
sha256,2048,124,2203,1,2203,1968830,,,,,,
sha256,2048,125,2203,1,2203,1964763,,,,,,
sha256,2048,126,2203,1,2203,1972680,,,,,,
sha256,2048,127,2203,1,2203,1964086,,,,,,
sha256,102400,0,47,1,47,2002241,,,,,,
sha256,102400,1,47,1,47,1984876,,,,,,
sha256,102400,2,47,1,47,1976275,,,,,,
sha256,102400,3,47,1,47,1981301,,,,,,
sha256,102400,4,47,1,47,1973444,,,,,,
sha256,102400,5,47,1,47,1983960,,,,,,
sha256,102400,6,47,1,47,1976308,,,,,,
sha256,102400,7,47,1,47,1973543,,,,,,
sha256,102400,8,47,1,47,1977893,,,,,,
sha256,102400,9,47,1,47,1974461,,,,,,
sha256,102400,10,47,1,47,1973339,,,,,,
sha256,102400,11,47,1,47,1974715,,,,,,
sha256,102400,12,47,1,47,1972142,,,,,,
sha256,102400,13,47,1,47,1973397,,,,,,
sha256,102400,14,47,1,47,1973223,,,,,,
sha256,102400,15,47,1,47,1973190,,,,,,
sha256,102400,16,47,1,47,1973127,,,,,,
sha256,102400,17,47,1,47,1973189,,,,,,
sha256,102400,18,47,1,47,1973109,,,,,,
sha256,102400,19,47,1,47,1973203,,,,,,
sha256,102400,20,47,1,47,1975557,,,,,,
sha256,102400,21,47,1,47,1973640,,,,,,
sha256,102400,22,47,1,47,1977441,,,,,,
sha256,102400,23,47,1,47,1973147,,,,,,
sha256,102400,24,47,1,47,1973219,,,,,,
sha256,102400,25,47,1,47,1973165,,,,,,
sha256,102400,26,47,1,47,1973155,,,,,,
sha256,102400,27,47,1,47,1973223,,,,,,
sha256,102400,28,47,1,47,1973218,,,,,,
sha256,102400,29,47,1,47,1973247,,,,,,
sha256,102400,30,47,1,47,1973250,,,,,,
sha256,102400,31,47,1,47,1976573,,,,,,
sha256,102400,32,47,1,47,1977097,,,,,,
sha256,102400,33,47,1,47,2014650,,,,,,
sha256,102400,34,47,1,47,2013739,,,,,,
sha256,102400,35,47,1,47,2015218,,,,,,
sha256,102400,36,47,1,47,2014322,,,,,,
sha256,102400,37,47,1,47,2016311,,,,,,
sha256,102400,38,47,1,47,2015285,,,,,,
sha256,102400,39,47,1,47,2021953,,,,,,
sha256,102400,40,47,1,47,2004030,,,,,,
sha256,102400,41,47,1,47,1977870,,,,,,
sha256,102400,42,47,1,47,1989857,,,,,,
sha256,102400,43,47,1,47,1981725,,,,,,
sha256,102400,44,47,1,47,1973164,,,,,,
sha256,102400,45,47,1,47,1973293,,,,,,
sha256,102400,46,47,1,47,1977960,,,,,,
sha256,102400,47,47,1,47,1983748,,,,,,
sha256,102400,48,47,1,47,1980505,,,,,,
sha256,102400,49,47,1,47,1973671,,,,,,
sha256,102400,50,47,1,47,1975419,,,,,,
sha256,102400,51,47,1,47,1973540,,,,,,
sha256,102400,52,47,1,47,1973467,,,,,,
sha256,102400,53,47,1,47,2362715,,,,,,
sha256,102400,54,47,1,47,1996727,,,,,,
sha256,102400,55,47,1,47,1977052,,,,,,
sha256,102400,56,47,1,47,1973255,,,,,,
sha256,102400,57,47,1,47,1973232,,,,,,
sha256,102400,58,47,1,47,1973438,,,,,,
sha256,102400,59,47,1,47,1973222,,,,,,
sha256,102400,60,47,1,47,1973155,,,,,,
sha256,102400,61,47,1,47,1973092,,,,,,
sha256,102400,62,47,1,47,1975357,,,,,,
sha256,102400,63,47,1,47,1973456,,,,,,
sha256,102400,64,47,1,47,1973263,,,,,,
sha256,102400,65,47,1,47,1973200,,,,,,
sha256,102400,66,47,1,47,1973172,,,,,,
sha256,102400,67,47,1,47,1973209,,,,,,
sha256,102400,68,47,1,47,1973172,,,,,,
sha256,102400,69,47,1,47,1973237,,,,,,
sha256,102400,70,47,1,47,1973186,,,,,,
sha256,102400,71,47,1,47,1979438,,,,,,
sha256,102400,72,47,1,47,1976033,,,,,,
sha256,102400,73,47,1,47,1994002,,,,,,
sha256,102400,74,47,1,47,2014203,,,,,,
sha256,102400,75,47,1,47,2014510,,,,,,
sha256,102400,76,47,1,47,2014924,,,,,,
sha256,102400,77,47,1,47,2075714,,,,,,
sha256,102400,78,47,1,47,2139868,,,,,,
sha256,102400,79,47,1,47,2022158,,,,,,
sha256,102400,80,47,1,47,2029425,,,,,,
sha256,102400,81,47,1,47,2043655,,,,,,
sha256,102400,82,47,1,47,2028783,,,,,,
sha256,102400,83,47,1,47,2024463,,,,,,
sha256,102400,84,47,1,47,2015133,,,,,,
sha256,102400,85,47,1,47,2014100,,,,,,
sha256,102400,86,47,1,47,2013934,,,,,,
sha256,102400,87,47,1,47,2013982,,,,,,
sha256,102400,88,47,1,47,2014079,,,,,,
sha256,102400,89,47,1,47,2014697,,,,,,
sha256,102400,90,47,1,47,2014560,,,,,,
sha256,102400,91,47,1,47,2016160,,,,,,
sha256,102400,92,47,1,47,2014002,,,,,,
sha256,102400,93,47,1,47,2014014,,,,,,
sha256,102400,94,47,1,47,2379846,,,,,,
sha256,102400,95,47,1,47,2013898,,,,,,
sha256,102400,96,47,1,47,2014031,,,,,,
sha256,102400,97,47,1,47,2014064,,,,,,
sha256,102400,98,47,1,47,2014647,,,,,,
sha256,102400,99,47,1,47,2014343,,,,,,
sha256,102400,100,47,1,47,2013908,,,,,,
sha256,102400,101,47,1,47,2013795,,,,,,
sha256,102400,102,47,1,47,2014126,,,,,,
sha256,102400,103,47,1,47,2013819,,,,,,
sha256,102400,104,47,1,47,2013955,,,,,,
sha256,102400,105,47,1,47,2013918,,,,,,
sha256,102400,106,47,1,47,2013787,,,,,,
sha256,102400,107,47,1,47,2013800,,,,,,
sha256,102400,108,47,1,47,2013910,,,,,,
sha256,102400,109,47,1,47,2013914,,,,,,
sha256,102400,110,47,1,47,2013856,,,,,,
sha256,102400,111,47,1,47,2013816,,,,,,
sha256,102400,112,47,1,47,2014139,,,,,,
sha256,102400,113,47,1,47,2014155,,,,,,
sha256,102400,114,47,1,47,2013707,,,,,,
sha256,102400,115,47,1,47,2016739,,,,,,
sha256,102400,116,47,1,47,2019757,,,,,,
sha256,102400,117,47,1,47,2016313,,,,,,
sha256,102400,118,47,1,47,2014648,,,,,,
sha256,102400,119,47,1,47,2022884,,,,,,
sha256,102400,120,47,1,47,2019677,,,,,,
sha256,102400,121,47,1,47,2026416,,,,,,
sha256,102400,122,47,1,47,2015553,,,,,,
sha256,102400,123,47,1,47,2014775,,,,,,
sha256,102400,124,47,1,47,2014830,,,,,,
sha256,102400,125,47,1,47,2014039,,,,,,
sha256,102400,126,47,1,47,2015990,,,,,,
sha256,102400,127,47,1,47,2014964,,,,,,
blake3-servil-st,64,0,29692,1,29692,1289263,,,,,,
blake3-servil-st,64,1,29692,1,29692,1287354,,,,,,
blake3-servil-st,64,2,29692,1,29692,1288432,,,,,,
blake3-servil-st,64,3,29692,1,29692,1288276,,,,,,
blake3-servil-st,64,4,29692,1,29692,1289696,,,,,,
blake3-servil-st,64,5,29692,1,29692,1287988,,,,,,
blake3-servil-st,64,6,29692,1,29692,1288915,,,,,,
blake3-servil-st,64,7,29692,1,29692,1288733,,,,,,
blake3-servil-st,64,8,29692,1,29692,1287499,,,,,,
blake3-servil-st,64,9,29692,1,29692,1287625,,,,,,
blake3-servil-st,64,10,29692,1,29692,1288508,,,,,,
blake3-servil-st,64,11,29692,1,29692,1289909,,,,,,
blake3-servil-st,64,12,29692,1,29692,1287391,,,,,,
blake3-servil-st,64,13,29692,1,29692,1287585,,,,,,
blake3-servil-st,64,14,29692,1,29692,1290074,,,,,,
blake3-servil-st,64,15,29692,1,29692,1287161,,,,,,
blake3-servil-st,64,16,29692,1,29692,1287602,,,,,,
blake3-servil-st,64,17,29692,1,29692,1288648,,,,,,
blake3-servil-st,64,18,29692,1,29692,1291421,,,,,,
blake3-servil-st,64,19,29692,1,29692,1287765,,,,,,
blake3-servil-st,64,20,29692,1,29692,1287251,,,,,,
blake3-servil-st,64,21,29692,1,29692,1288866,,,,,,
blake3-servil-st,64,22,29692,1,29692,1287548,,,,,,
blake3-servil-st,64,23,29692,1,29692,1287638,,,,,,
blake3-servil-st,64,24,29692,1,29692,1289406,,,,,,
blake3-servil-st,64,25,29692,1,29692,1288129,,,,,,
blake3-servil-st,64,26,29692,1,29692,1287810,,,,,,
blake3-servil-st,64,27,29692,1,29692,1287363,,,,,,
blake3-servil-st,64,28,29692,1,29692,1288726,,,,,,
blake3-servil-st,64,29,29692,1,29692,1287174,,,,,,
blake3-servil-st,64,30,29692,1,29692,1287652,,,,,,
blake3-servil-st,64,31,29692,1,29692,1288271,,,,,,
blake3-servil-st,64,32,29692,1,29692,1287623,,,,,,
blake3-servil-st,64,33,29692,1,29692,1287092,,,,,,
blake3-servil-st,64,34,29692,1,29692,1298447,,,,,,
blake3-servil-st,64,35,29692,1,29692,1290035,,,,,,
blake3-servil-st,64,36,29692,1,29692,1287683,,,,,,
blake3-servil-st,64,37,29692,1,29692,1288607,,,,,,
blake3-servil-st,64,38,29692,1,29692,1300827,,,,,,
blake3-servil-st,64,39,29692,1,29692,1288544,,,,,,
blake3-servil-st,64,40,29692,1,29692,1290060,,,,,,
blake3-servil-st,64,41,29692,1,29692,1288242,,,,,,
blake3-servil-st,64,42,29692,1,29692,1289318,,,,,,
blake3-servil-st,64,43,29692,1,29692,1289437,,,,,,
blake3-servil-st,64,44,29692,1,29692,1288810,,,,,,
blake3-servil-st,64,45,29692,1,29692,1290365,,,,,,
blake3-servil-st,64,46,29692,1,29692,1290303,,,,,,
blake3-servil-st,64,47,29692,1,29692,1283432,,,,,,
blake3-servil-st,64,48,29692,1,29692,1275195,,,,,,
blake3-servil-st,64,49,29692,1,29692,1286248,,,,,,
blake3-servil-st,64,50,29692,1,29692,1288193,,,,,,
blake3-servil-st,64,51,29692,1,29692,1287837,,,,,,
blake3-servil-st,64,52,29692,1,29692,1294966,,,,,,
blake3-servil-st,64,53,29692,1,29692,1289010,,,,,,
blake3-servil-st,64,54,29692,1,29692,1291595,,,,,,
blake3-servil-st,64,55,29692,1,29692,1281030,,,,,,
blake3-servil-st,64,56,29692,1,29692,1265518,,,,,,
blake3-servil-st,64,57,29692,1,29692,1266330,,,,,,
blake3-servil-st,64,58,29692,1,29692,1261696,,,,,,
blake3-servil-st,64,59,29692,1,29692,1268828,,,,,,
blake3-servil-st,64,60,29692,1,29692,1287635,,,,,,
blake3-servil-st,64,61,29692,1,29692,1289290,,,,,,
blake3-servil-st,64,62,29692,1,29692,1288542,,,,,,
blake3-servil-st,64,63,29692,1,29692,1292672,,,,,,
blake3-servil-st,64,64,29692,1,29692,1263700,,,,,,
blake3-servil-st,64,65,29692,1,29692,1262023,,,,,,
blake3-servil-st,64,66,29692,1,29692,1263880,,,,,,
blake3-servil-st,64,67,29692,1,29692,1262120,,,,,,
blake3-servil-st,64,68,29692,1,29692,1261065,,,,,,
blake3-servil-st,64,69,29692,1,29692,1260734,,,,,,
blake3-servil-st,64,70,29692,1,29692,1261558,,,,,,
blake3-servil-st,64,71,29692,1,29692,1258727,,,,,,
blake3-servil-st,64,72,29692,1,29692,1260444,,,,,,
blake3-servil-st,64,73,29692,1,29692,1261996,,,,,,
blake3-servil-st,64,74,29692,1,29692,1262633,,,,,,
blake3-servil-st,64,75,29692,1,29692,1260120,,,,,,
blake3-servil-st,64,76,29692,1,29692,1259066,,,,,,
blake3-servil-st,64,77,29692,1,29692,1291112,,,,,,
blake3-servil-st,64,78,29692,1,29692,1292097,,,,,,
blake3-servil-st,64,79,29692,1,29692,1287255,,,,,,
blake3-servil-st,64,80,29692,1,29692,1272120,,,,,,
blake3-servil-st,64,81,29692,1,29692,1274301,,,,,,
blake3-servil-st,64,82,29692,1,29692,1262965,,,,,,
blake3-servil-st,64,83,29692,1,29692,1261699,,,,,,
blake3-servil-st,64,84,29692,1,29692,1269899,,,,,,
blake3-servil-st,64,85,29692,1,29692,1263103,,,,,,
blake3-servil-st,64,86,29692,1,29692,1262131,,,,,,
blake3-servil-st,64,87,29692,1,29692,1266610,,,,,,
blake3-servil-st,64,88,29692,1,29692,1261629,,,,,,
blake3-servil-st,64,89,29692,1,29692,1262967,,,,,,
blake3-servil-st,64,90,29692,1,29692,1317287,,,,,,
blake3-servil-st,64,91,29692,1,29692,1288911,,,,,,
blake3-servil-st,64,92,29692,1,29692,1274657,,,,,,
blake3-servil-st,64,93,29692,1,29692,1263473,,,,,,
blake3-servil-st,64,94,29692,1,29692,1263656,,,,,,
blake3-servil-st,64,95,29692,1,29692,1263047,,,,,,
blake3-servil-st,64,96,29692,1,29692,1262613,,,,,,
blake3-servil-st,64,97,29692,1,29692,1262482,,,,,,
blake3-servil-st,64,98,29692,1,29692,1261616,,,,,,
blake3-servil-st,64,99,29692,1,29692,1273453,,,,,,
blake3-servil-st,64,100,29692,1,29692,1288854,,,,,,
blake3-servil-st,64,101,29692,1,29692,1287693,,,,,,
blake3-servil-st,64,102,29692,1,29692,1287663,,,,,,
blake3-servil-st,64,103,29692,1,29692,1291482,,,,,,
blake3-servil-st,64,104,29692,1,29692,1287646,,,,,,
blake3-servil-st,64,105,29692,1,29692,1288684,,,,,,
blake3-servil-st,64,106,29692,1,29692,1289029,,,,,,
blake3-servil-st,64,107,29692,1,29692,1289184,,,,,,
blake3-servil-st,64,108,29692,1,29692,1289138,,,,,,
blake3-servil-st,64,109,29692,1,29692,1290214,,,,,,
blake3-servil-st,64,110,29692,1,29692,1278387,,,,,,
blake3-servil-st,64,111,29692,1,29692,1272900,,,,,,
blake3-servil-st,64,112,29692,1,29692,1263098,,,,,,
blake3-servil-st,64,113,29692,1,29692,1268980,,,,,,
blake3-servil-st,64,114,29692,1,29692,1262750,,,,,,
blake3-servil-st,64,115,29692,1,29692,1261453,,,,,,
blake3-servil-st,64,116,29692,1,29692,1261487,,,,,,
blake3-servil-st,64,117,29692,1,29692,1262044,,,,,,
blake3-servil-st,64,118,29692,1,29692,1262786,,,,,,
blake3-servil-st,64,119,29692,1,29692,1266422,,,,,,
blake3-servil-st,64,120,29692,1,29692,1275857,,,,,,
blake3-servil-st,64,121,29692,1,29692,1263362,,,,,,
blake3-servil-st,64,122,29692,1,29692,1266729,,,,,,
blake3-servil-st,64,123,29692,1,29692,1263642,,,,,,
blake3-servil-st,64,124,29692,1,29692,1263578,,,,,,
blake3-servil-st,64,125,29692,1,29692,1263324,,,,,,
blake3-servil-st,64,126,29692,1,29692,1266748,,,,,,
blake3-servil-st,64,127,29692,1,29692,1261720,,,,,,
blake3-servil-st,2048,0,2079,1,2079,1582039,,,,,,
blake3-servil-st,2048,1,2079,1,2079,1577529,,,,,,
blake3-servil-st,2048,2,2079,1,2079,1582077,,,,,,
blake3-servil-st,2048,3,2079,1,2079,1578677,,,,,,
blake3-servil-st,2048,4,2079,1,2079,1585641,,,,,,
blake3-servil-st,2048,5,2079,1,2079,1582651,,,,,,
blake3-servil-st,2048,6,2079,1,2079,1582959,,,,,,
blake3-servil-st,2048,7,2079,1,2079,1579901,,,,,,
blake3-servil-st,2048,8,2079,1,2079,1580256,,,,,,
blake3-servil-st,2048,9,2079,1,2079,1579561,,,,,,
blake3-servil-st,2048,10,2079,1,2079,1581061,,,,,,
blake3-servil-st,2048,11,2079,1,2079,1582851,,,,,,
blake3-servil-st,2048,12,2079,1,2079,1583867,,,,,,
blake3-servil-st,2048,13,2079,1,2079,1581806,,,,,,
blake3-servil-st,2048,14,2079,1,2079,1582010,,,,,,
blake3-servil-st,2048,15,2079,1,2079,1576604,,,,,,
blake3-servil-st,2048,16,2079,1,2079,1581966,,,,,,
blake3-servil-st,2048,17,2079,1,2079,1577177,,,,,,
blake3-servil-st,2048,18,2079,1,2079,1578354,,,,,,
blake3-servil-st,2048,19,2079,1,2079,1583352,,,,,,
blake3-servil-st,2048,20,2079,1,2079,1581544,,,,,,
blake3-servil-st,2048,21,2079,1,2079,1592146,,,,,,
blake3-servil-st,2048,22,2079,1,2079,1640124,,,,,,
blake3-servil-st,2048,23,2079,1,2079,1617866,,,,,,
blake3-servil-st,2048,24,2079,1,2079,1616104,,,,,,
blake3-servil-st,2048,25,2079,1,2079,1613910,,,,,,
blake3-servil-st,2048,26,2079,1,2079,1614994,,,,,,
blake3-servil-st,2048,27,2079,1,2079,1617332,,,,,,
blake3-servil-st,2048,28,2079,1,2079,1612533,,,,,,
blake3-servil-st,2048,29,2079,1,2079,1617801,,,,,,
blake3-servil-st,2048,30,2079,1,2079,1612406,,,,,,
blake3-servil-st,2048,31,2079,1,2079,1616621,,,,,,
blake3-servil-st,2048,32,2079,1,2079,1620681,,,,,,
blake3-servil-st,2048,33,2079,1,2079,1613563,,,,,,
blake3-servil-st,2048,34,2079,1,2079,1620838,,,,,,
blake3-servil-st,2048,35,2079,1,2079,1600867,,,,,,
blake3-servil-st,2048,36,2079,1,2079,1595599,,,,,,
blake3-servil-st,2048,37,2079,1,2079,1583253,,,,,,
blake3-servil-st,2048,38,2079,1,2079,1593568,,,,,,
blake3-servil-st,2048,39,2079,1,2079,1589441,,,,,,
blake3-servil-st,2048,40,2079,1,2079,1580841,,,,,,
blake3-servil-st,2048,41,2079,1,2079,1582934,,,,,,
blake3-servil-st,2048,42,2079,1,2079,1584547,,,,,,
blake3-servil-st,2048,43,2079,1,2079,1582477,,,,,,
blake3-servil-st,2048,44,2079,1,2079,1602188,,,,,,
blake3-servil-st,2048,45,2079,1,2079,1614812,,,,,,
blake3-servil-st,2048,46,2079,1,2079,1616531,,,,,,
blake3-servil-st,2048,47,2079,1,2079,1593466,,,,,,
blake3-servil-st,2048,48,2079,1,2079,1586546,,,,,,
blake3-servil-st,2048,49,2079,1,2079,1582718,,,,,,
blake3-servil-st,2048,50,2079,1,2079,1581053,,,,,,
blake3-servil-st,2048,51,2079,1,2079,1584054,,,,,,
blake3-servil-st,2048,52,2079,1,2079,1581869,,,,,,
blake3-servil-st,2048,53,2079,1,2079,1586775,,,,,,
blake3-servil-st,2048,54,2079,1,2079,1584360,,,,,,
blake3-servil-st,2048,55,2079,1,2079,1579356,,,,,,
blake3-servil-st,2048,56,2079,1,2079,1576526,,,,,,
blake3-servil-st,2048,57,2079,1,2079,1578900,,,,,,
blake3-servil-st,2048,58,2079,1,2079,1580856,,,,,,
blake3-servil-st,2048,59,2079,1,2079,1585199,,,,,,
blake3-servil-st,2048,60,2079,1,2079,1579358,,,,,,
blake3-servil-st,2048,61,2079,1,2079,1581840,,,,,,
blake3-servil-st,2048,62,2079,1,2079,1581581,,,,,,
blake3-servil-st,2048,63,2079,1,2079,1583305,,,,,,
blake3-servil-st,2048,64,2079,1,2079,1583901,,,,,,
blake3-servil-st,2048,65,2079,1,2079,1593321,,,,,,
blake3-servil-st,2048,66,2079,1,2079,1582560,,,,,,
blake3-servil-st,2048,67,2079,1,2079,1582801,,,,,,
blake3-servil-st,2048,68,2079,1,2079,1583172,,,,,,
blake3-servil-st,2048,69,2079,1,2079,1581371,,,,,,
blake3-servil-st,2048,70,2079,1,2079,1583460,,,,,,
blake3-servil-st,2048,71,2079,1,2079,1582342,,,,,,
blake3-servil-st,2048,72,2079,1,2079,1582368,,,,,,
blake3-servil-st,2048,73,2079,1,2079,1586332,,,,,,
blake3-servil-st,2048,74,2079,1,2079,1581979,,,,,,
blake3-servil-st,2048,75,2079,1,2079,1584811,,,,,,
blake3-servil-st,2048,76,2079,1,2079,1587752,,,,,,
blake3-servil-st,2048,77,2079,1,2079,1614339,,,,,,
blake3-servil-st,2048,78,2079,1,2079,1615309,,,,,,
blake3-servil-st,2048,79,2079,1,2079,1615209,,,,,,
blake3-servil-st,2048,80,2079,1,2079,1620094,,,,,,
blake3-servil-st,2048,81,2079,1,2079,1613545,,,,,,
blake3-servil-st,2048,82,2079,1,2079,1658333,,,,,,
blake3-servil-st,2048,83,2079,1,2079,1617982,,,,,,
blake3-servil-st,2048,84,2079,1,2079,1625089,,,,,,
blake3-servil-st,2048,85,2079,1,2079,1616358,,,,,,
blake3-servil-st,2048,86,2079,1,2079,1621365,,,,,,
blake3-servil-st,2048,87,2079,1,2079,1583465,,,,,,
blake3-servil-st,2048,88,2079,1,2079,1595670,,,,,,
blake3-servil-st,2048,89,2079,1,2079,1586910,,,,,,
blake3-servil-st,2048,90,2079,1,2079,1580629,,,,,,
blake3-servil-st,2048,91,2079,1,2079,1585189,,,,,,
blake3-servil-st,2048,92,2079,1,2079,1580420,,,,,,
blake3-servil-st,2048,93,2079,1,2079,1585975,,,,,,
blake3-servil-st,2048,94,2079,1,2079,1579502,,,,,,
blake3-servil-st,2048,95,2079,1,2079,1579390,,,,,,
blake3-servil-st,2048,96,2079,1,2079,1586822,,,,,,
blake3-servil-st,2048,97,2079,1,2079,1586276,,,,,,
blake3-servil-st,2048,98,2079,1,2079,1581988,,,,,,
blake3-servil-st,2048,99,2079,1,2079,1581503,,,,,,
blake3-servil-st,2048,100,2079,1,2079,1586968,,,,,,
blake3-servil-st,2048,101,2079,1,2079,1584707,,,,,,
blake3-servil-st,2048,102,2079,1,2079,1578415,,,,,,
blake3-servil-st,2048,103,2079,1,2079,1581455,,,,,,
blake3-servil-st,2048,104,2079,1,2079,1581647,,,,,,
blake3-servil-st,2048,105,2079,1,2079,1582504,,,,,,
blake3-servil-st,2048,106,2079,1,2079,1575206,,,,,,
blake3-servil-st,2048,107,2079,1,2079,1581249,,,,,,
blake3-servil-st,2048,108,2079,1,2079,1580803,,,,,,
blake3-servil-st,2048,109,2079,1,2079,1580613,,,,,,
blake3-servil-st,2048,110,2079,1,2079,1584853,,,,,,
blake3-servil-st,2048,111,2079,1,2079,1581498,,,,,,
blake3-servil-st,2048,112,2079,1,2079,1581226,,,,,,
blake3-servil-st,2048,113,2079,1,2079,1582079,,,,,,
blake3-servil-st,2048,114,2079,1,2079,1580814,,,,,,
blake3-servil-st,2048,115,2079,1,2079,1582135,,,,,,
blake3-servil-st,2048,116,2079,1,2079,1595483,,,,,,
blake3-servil-st,2048,117,2079,1,2079,1623377,,,,,,
blake3-servil-st,2048,118,2079,1,2079,1626973,,,,,,
blake3-servil-st,2048,119,2079,1,2079,1667695,,,,,,
blake3-servil-st,2048,120,2079,1,2079,1623333,,,,,,
blake3-servil-st,2048,121,2079,1,2079,1583328,,,,,,
blake3-servil-st,2048,122,2079,1,2079,1590788,,,,,,
blake3-servil-st,2048,123,2079,1,2079,1584214,,,,,,
blake3-servil-st,2048,124,2079,1,2079,1642411,,,,,,
blake3-servil-st,2048,125,2079,1,2079,1580432,,,,,,
blake3-servil-st,2048,126,2079,1,2079,1592616,,,,,,
blake3-servil-st,2048,127,2079,1,2079,1617327,,,,,,
blake3-servil-st,102400,0,106,1,106,2004805,,,,,,
blake3-servil-st,102400,1,106,1,106,2028707,,,,,,
blake3-servil-st,102400,2,106,1,106,2003553,,,,,,
blake3-servil-st,102400,3,106,1,106,2002051,,,,,,
blake3-servil-st,102400,4,106,1,106,2005034,,,,,,
blake3-servil-st,102400,5,106,1,106,2018652,,,,,,
blake3-servil-st,102400,6,106,1,106,1963263,,,,,,
blake3-servil-st,102400,7,106,1,106,2000962,,,,,,
blake3-servil-st,102400,8,106,1,106,2001485,,,,,,
blake3-servil-st,102400,9,106,1,106,1990386,,,,,,
blake3-servil-st,102400,10,106,1,106,1963245,,,,,,
blake3-servil-st,102400,11,106,1,106,1965598,,,,,,
blake3-servil-st,102400,12,106,1,106,1966214,,,,,,
blake3-servil-st,102400,13,106,1,106,1963672,,,,,,
blake3-servil-st,102400,14,106,1,106,1962860,,,,,,
blake3-servil-st,102400,15,106,1,106,1965451,,,,,,
blake3-servil-st,102400,16,106,1,106,1969093,,,,,,
blake3-servil-st,102400,17,106,1,106,1963150,,,,,,
blake3-servil-st,102400,18,106,1,106,1963288,,,,,,
blake3-servil-st,102400,19,106,1,106,1960018,,,,,,
blake3-servil-st,102400,20,106,1,106,1959464,,,,,,
blake3-servil-st,102400,21,106,1,106,1960866,,,,,,
blake3-servil-st,102400,22,106,1,106,1960256,,,,,,
blake3-servil-st,102400,23,106,1,106,1960034,,,,,,
blake3-servil-st,102400,24,106,1,106,1964857,,,,,,
blake3-servil-st,102400,25,106,1,106,1959989,,,,,,
blake3-servil-st,102400,26,106,1,106,1960122,,,,,,
blake3-servil-st,102400,27,106,1,106,1960271,,,,,,
blake3-servil-st,102400,28,106,1,106,1966605,,,,,,
blake3-servil-st,102400,29,106,1,106,1960633,,,,,,
blake3-servil-st,102400,30,106,1,106,1960727,,,,,,
blake3-servil-st,102400,31,106,1,106,1959560,,,,,,
blake3-servil-st,102400,32,106,1,106,1965629,,,,,,
blake3-servil-st,102400,33,106,1,106,1962459,,,,,,
blake3-servil-st,102400,34,106,1,106,1961635,,,,,,
blake3-servil-st,102400,35,106,1,106,1959691,,,,,,
blake3-servil-st,102400,36,106,1,106,1960975,,,,,,
blake3-servil-st,102400,37,106,1,106,1960214,,,,,,
blake3-servil-st,102400,38,106,1,106,1984561,,,,,,
blake3-servil-st,102400,39,106,1,106,2001051,,,,,,
blake3-servil-st,102400,40,106,1,106,1999658,,,,,,
blake3-servil-st,102400,41,106,1,106,2005656,,,,,,
blake3-servil-st,102400,42,106,1,106,1999881,,,,,,
blake3-servil-st,102400,43,106,1,106,1968190,,,,,,
blake3-servil-st,102400,44,106,1,106,1961292,,,,,,
blake3-servil-st,102400,45,106,1,106,1974576,,,,,,
blake3-servil-st,102400,46,106,1,106,1997775,,,,,,
blake3-servil-st,102400,47,106,1,106,1985471,,,,,,
blake3-servil-st,102400,48,106,1,106,1972625,,,,,,
blake3-servil-st,102400,49,106,1,106,1972315,,,,,,
blake3-servil-st,102400,50,106,1,106,1981640,,,,,,
blake3-servil-st,102400,51,106,1,106,1961395,,,,,,
blake3-servil-st,102400,52,106,1,106,1962804,,,,,,
blake3-servil-st,102400,53,106,1,106,1961237,,,,,,
blake3-servil-st,102400,54,106,1,106,1960383,,,,,,
blake3-servil-st,102400,55,106,1,106,2336399,,,,,,
blake3-servil-st,102400,56,106,1,106,1961270,,,,,,
blake3-servil-st,102400,57,106,1,106,1959862,,,,,,
blake3-servil-st,102400,58,106,1,106,1968120,,,,,,
blake3-servil-st,102400,59,106,1,106,1960457,,,,,,
blake3-servil-st,102400,60,106,1,106,1960031,,,,,,
blake3-servil-st,102400,61,106,1,106,1960416,,,,,,
blake3-servil-st,102400,62,106,1,106,1959974,,,,,,
blake3-servil-st,102400,63,106,1,106,1965662,,,,,,
blake3-servil-st,102400,64,106,1,106,1960745,,,,,,
blake3-servil-st,102400,65,106,1,106,1960843,,,,,,
blake3-servil-st,102400,66,106,1,106,1967993,,,,,,
blake3-servil-st,102400,67,106,1,106,1959779,,,,,,
blake3-servil-st,102400,68,106,1,106,1960877,,,,,,
blake3-servil-st,102400,69,106,1,106,1960158,,,,,,
blake3-servil-st,102400,70,106,1,106,1959800,,,,,,
blake3-servil-st,102400,71,106,1,106,1962446,,,,,,
blake3-servil-st,102400,72,106,1,106,1963916,,,,,,
blake3-servil-st,102400,73,106,1,106,1961744,,,,,,
blake3-servil-st,102400,74,106,1,106,1961061,,,,,,
blake3-servil-st,102400,75,106,1,106,1966923,,,,,,
blake3-servil-st,102400,76,106,1,106,1959886,,,,,,
blake3-servil-st,102400,77,106,1,106,1964490,,,,,,
blake3-servil-st,102400,78,106,1,106,1960565,,,,,,
blake3-servil-st,102400,79,106,1,106,1977067,,,,,,
blake3-servil-st,102400,80,106,1,106,2000716,,,,,,
blake3-servil-st,102400,81,106,1,106,2000503,,,,,,
blake3-servil-st,102400,82,106,1,106,2002626,,,,,,
blake3-servil-st,102400,83,106,1,106,1992045,,,,,,
blake3-servil-st,102400,84,106,1,106,1963659,,,,,,
blake3-servil-st,102400,85,106,1,106,1960613,,,,,,
blake3-servil-st,102400,86,106,1,106,1992713,,,,,,
blake3-servil-st,102400,87,106,1,106,1982869,,,,,,
blake3-servil-st,102400,88,106,1,106,1980117,,,,,,
blake3-servil-st,102400,89,106,1,106,1976285,,,,,,
blake3-servil-st,102400,90,106,1,106,1960360,,,,,,
blake3-servil-st,102400,91,106,1,106,1960422,,,,,,
blake3-servil-st,102400,92,106,1,106,1975353,,,,,,
blake3-servil-st,102400,93,106,1,106,2044287,,,,,,
blake3-servil-st,102400,94,106,1,106,1962248,,,,,,
blake3-servil-st,102400,95,106,1,106,1960474,,,,,,
blake3-servil-st,102400,96,106,1,106,1960308,,,,,,
blake3-servil-st,102400,97,106,1,106,2329667,,,,,,
blake3-servil-st,102400,98,106,1,106,1964684,,,,,,
blake3-servil-st,102400,99,106,1,106,1960883,,,,,,
blake3-servil-st,102400,100,106,1,106,1964766,,,,,,
blake3-servil-st,102400,101,106,1,106,1960275,,,,,,
blake3-servil-st,102400,102,106,1,106,1961093,,,,,,
blake3-servil-st,102400,103,106,1,106,1970396,,,,,,
blake3-servil-st,102400,104,106,1,106,1960143,,,,,,
blake3-servil-st,102400,105,106,1,106,1961678,,,,,,
blake3-servil-st,102400,106,106,1,106,1961176,,,,,,
blake3-servil-st,102400,107,106,1,106,1960679,,,,,,
blake3-servil-st,102400,108,106,1,106,1969439,,,,,,
blake3-servil-st,102400,109,106,1,106,1962333,,,,,,
blake3-servil-st,102400,110,106,1,106,1961350,,,,,,
blake3-servil-st,102400,111,106,1,106,1961122,,,,,,
blake3-servil-st,102400,112,106,1,106,1960470,,,,,,
blake3-servil-st,102400,113,106,1,106,1959877,,,,,,
blake3-servil-st,102400,114,106,1,106,1961222,,,,,,
blake3-servil-st,102400,115,106,1,106,1960785,,,,,,
blake3-servil-st,102400,116,106,1,106,1959712,,,,,,
blake3-servil-st,102400,117,106,1,106,1967078,,,,,,
blake3-servil-st,102400,118,106,1,106,1962106,,,,,,
blake3-servil-st,102400,119,106,1,106,1963910,,,,,,
blake3-servil-st,102400,120,106,1,106,1998719,,,,,,
blake3-servil-st,102400,121,106,1,106,2000314,,,,,,
blake3-servil-st,102400,122,106,1,106,2005986,,,,,,
blake3-servil-st,102400,123,106,1,106,2054790,,,,,,
blake3-servil-st,102400,124,106,1,106,1968441,,,,,,
blake3-servil-st,102400,125,106,1,106,1976873,,,,,,
blake3-servil-st,102400,126,106,1,106,1974284,,,,,,
blake3-servil-st,102400,127,106,1,106,2005904,,,,,,
