round,position,contender,size_bytes,iterations,wall_ns,p_cycles,p_instructions,p_time_ns,e_cycles,e_instructions,e_time_ns,use_case,duo_ns,copy0_ns,copy0_p_cycles,copy0_p_instructions,copy0_p_time_ns,copy0_e_cycles,copy0_e_instructions,copy0_e_time_ns,copy1_ns,copy1_p_cycles,copy1_p_instructions,copy1_p_time_ns,copy1_e_cycles,copy1_e_instructions,copy1_e_time_ns,scenario
0,0,sha256,1024,2117,993305,,,,,,,ContinuousMessages,1385505,1023016,,,,,,,1385505,,,,,,,solo and shared
0,1,blake3-servil-mt,1024,2048,270204,,,,,,,ContinuousMessages,888514,888514,,,,,,,838580,,,,,,,solo and shared
0,2,sha256,1024,2048,2058304,,,,,,,ContinuousBatches,2041938,2041938,,,,,,,2041046,,,,,,,solo and shared
0,3,blake3-servil-mt,1024,2832,345119,,,,,,,ContinuousBatches,1104606,1104606,,,,,,,1041369,,,,,,,solo and shared
0,4,sha256,262144,8,2104683,,,,,,,ContinuousBatches,2173719,2173719,,,,,,,2172116,,,,,,,solo and shared
0,5,blake3-servil-mt,262144,13,290511,,,,,,,ContinuousBatches,769198,769198,,,,,,,678608,,,,,,,solo and shared
1,0,blake3-servil-mt,1024,2832,300610,,,,,,,ContinuousBatches,343850,343850,,,,,,,326593,,,,,,,solo and shared
1,1,sha256,1024,2048,2124651,,,,,,,ContinuousBatches,2128797,2122582,,,,,,,2128797,,,,,,,solo and shared
1,2,blake3-servil-mt,262144,13,182521,,,,,,,ContinuousBatches,252020,251239,,,,,,,252020,,,,,,,solo and shared
1,3,sha256,262144,8,2110545,,,,,,,ContinuousBatches,2122073,2113451,,,,,,,2122073,,,,,,,solo and shared
1,4,blake3-servil-mt,1024,2048,363866,,,,,,,ContinuousMessages,420893,420422,,,,,,,420893,,,,,,,solo and shared
1,5,sha256,1024,2117,1016667,,,,,,,ContinuousMessages,1070194,1062971,,,,,,,1070194,,,,,,,solo and shared
2,0,sha256,262144,8,2114234,,,,,,,ContinuousBatches,2267392,2067380,,,,,,,2267392,,,,,,,solo and shared
2,1,blake3-servil-mt,262144,13,464138,,,,,,,ContinuousBatches,336940,336940,,,,,,,326012,,,,,,,solo and shared
2,2,sha256,1024,2117,1037646,,,,,,,ContinuousMessages,1036078,1035335,,,,,,,1036078,,,,,,,solo and shared
2,3,blake3-servil-mt,1024,2048,321076,,,,,,,ContinuousMessages,498411,498411,,,,,,,496241,,,,,,,solo and shared
2,4,sha256,1024,2048,2067172,,,,,,,ContinuousBatches,2084919,2084919,,,,,,,2080231,,,,,,,solo and shared
2,5,blake3-servil-mt,1024,2832,357103,,,,,,,ContinuousBatches,436180,398263,,,,,,,436180,,,,,,,solo and shared
3,0,blake3-servil-mt,1024,2048,271029,,,,,,,ContinuousMessages,395812,374841,,,,,,,395812,,,,,,,solo and shared
3,1,sha256,1024,2117,1001833,,,,,,,ContinuousMessages,1017953,1016343,,,,,,,1017953,,,,,,,solo and shared
3,2,blake3-servil-mt,1024,2832,329630,,,,,,,ContinuousBatches,395781,395781,,,,,,,365624,,,,,,,solo and shared
3,3,sha256,1024,2048,2095686,,,,,,,ContinuousBatches,2042271,2041109,,,,,,,2042271,,,,,,,solo and shared
3,4,blake3-servil-mt,262144,13,276403,,,,,,,ContinuousBatches,354955,354946,,,,,,,354955,,,,,,,solo and shared
3,5,sha256,262144,8,2072655,,,,,,,ContinuousBatches,3062972,3062972,,,,,,,3061882,,,,,,,solo and shared
4,0,sha256,1024,2048,2108695,,,,,,,ContinuousBatches,2256238,2071110,,,,,,,2256238,,,,,,,solo and shared
4,1,blake3-servil-mt,1024,2832,399758,,,,,,,ContinuousBatches,533019,533019,,,,,,,502878,,,,,,,solo and shared
4,2,sha256,262144,8,2100108,,,,,,,ContinuousBatches,2298480,2298480,,,,,,,2130717,,,,,,,solo and shared
4,3,blake3-servil-mt,262144,13,331164,,,,,,,ContinuousBatches,340286,338570,,,,,,,340286,,,,,,,solo and shared
4,4,sha256,1024,2117,1010623,,,,,,,ContinuousMessages,1017703,1017703,,,,,,,1016974,,,,,,,solo and shared
4,5,blake3-servil-mt,1024,2048,319664,,,,,,,ContinuousMessages,476995,476995,,,,,,,448420,,,,,,,solo and shared
5,0,blake3-servil-mt,262144,13,238569,,,,,,,ContinuousBatches,251140,250013,,,,,,,251140,,,,,,,solo and shared
5,1,sha256,262144,8,2063264,,,,,,,ContinuousBatches,2062350,2057589,,,,,,,2062350,,,,,,,solo and shared
5,2,blake3-servil-mt,1024,2048,376884,,,,,,,ContinuousMessages,451503,451503,,,,,,,363883,,,,,,,solo and shared
5,3,sha256,1024,2117,995966,,,,,,,ContinuousMessages,997043,997043,,,,,,,997003,,,,,,,solo and shared
5,4,blake3-servil-mt,1024,2832,386718,,,,,,,ContinuousBatches,428993,428993,,,,,,,422664,,,,,,,solo and shared
5,5,sha256,1024,2048,2043560,,,,,,,ContinuousBatches,2043119,2039854,,,,,,,2043119,,,,,,,solo and shared
6,0,sha256,1024,2117,993329,,,,,,,ContinuousMessages,997127,997127,,,,,,,996491,,,,,,,solo and shared
6,1,blake3-servil-mt,1024,2048,292012,,,,,,,ContinuousMessages,500744,500744,,,,,,,380996,,,,,,,solo and shared
6,2,sha256,1024,2048,2058602,,,,,,,ContinuousBatches,2083969,2083969,,,,,,,2082471,,,,,,,solo and shared
6,3,blake3-servil-mt,1024,2832,336959,,,,,,,ContinuousBatches,380974,380974,,,,,,,375071,,,,,,,solo and shared
6,4,sha256,262144,8,2062307,,,,,,,ContinuousBatches,2058107,2055224,,,,,,,2058107,,,,,,,solo and shared
6,5,blake3-servil-mt,262144,13,313031,,,,,,,ContinuousBatches,331851,331851,,,,,,,306426,,,,,,,solo and shared
7,0,blake3-servil-mt,1024,2832,297312,,,,,,,ContinuousBatches,345327,345327,,,,,,,335475,,,,,,,solo and shared
7,1,sha256,1024,2048,2112459,,,,,,,ContinuousBatches,2087304,2087304,,,,,,,2085922,,,,,,,solo and shared
7,2,blake3-servil-mt,262144,13,204138,,,,,,,ContinuousBatches,258041,253507,,,,,,,258041,,,,,,,solo and shared
7,3,sha256,262144,8,2055945,,,,,,,ContinuousBatches,2061326,2058854,,,,,,,2061326,,,,,,,solo and shared
7,4,blake3-servil-mt,1024,2048,357220,,,,,,,ContinuousMessages,499469,460996,,,,,,,499469,,,,,,,solo and shared
7,5,sha256,1024,2117,1001659,,,,,,,ContinuousMessages,1057885,1057885,,,,,,,1011726,,,,,,,solo and shared
8,0,sha256,262144,8,2069382,,,,,,,ContinuousBatches,2120665,2089746,,,,,,,2120665,,,,,,,solo and shared
8,1,blake3-servil-mt,262144,13,321272,,,,,,,ContinuousBatches,365099,361894,,,,,,,365099,,,,,,,solo and shared
8,2,sha256,1024,2117,1041670,,,,,,,ContinuousMessages,1001915,1001915,,,,,,,1001469,,,,,,,solo and shared
8,3,blake3-servil-mt,1024,2048,301472,,,,,,,ContinuousMessages,493931,493931,,,,,,,489031,,,,,,,solo and shared
8,4,sha256,1024,2048,2057279,,,,,,,ContinuousBatches,2058298,2058298,,,,,,,2054948,,,,,,,solo and shared
8,5,blake3-servil-mt,1024,2832,398665,,,,,,,ContinuousBatches,470722,470722,,,,,,,417190,,,,,,,solo and shared
9,0,blake3-servil-mt,1024,2048,314307,,,,,,,ContinuousMessages,426202,426202,,,,,,,388012,,,,,,,solo and shared
9,1,sha256,1024,2117,1002032,,,,,,,ContinuousMessages,999941,999705,,,,,,,999941,,,,,,,solo and shared
9,2,blake3-servil-mt,1024,2832,305687,,,,,,,ContinuousBatches,372283,349954,,,,,,,372283,,,,,,,solo and shared
9,3,sha256,1024,2048,2039475,,,,,,,ContinuousBatches,2085629,2039854,,,,,,,2085629,,,,,,,solo and shared
9,4,blake3-servil-mt,262144,13,266974,,,,,,,ContinuousBatches,281529,281529,,,,,,,274240,,,,,,,solo and shared
9,5,sha256,262144,8,2135014,,,,,,,ContinuousBatches,2078796,2078796,,,,,,,2070874,,,,,,,solo and shared
10,0,sha256,1024,2048,2083673,,,,,,,ContinuousBatches,2420744,2420744,,,,,,,2043737,,,,,,,solo and shared
10,1,blake3-servil-mt,1024,2832,331621,,,,,,,ContinuousBatches,390174,390174,,,,,,,365081,,,,,,,solo and shared
10,2,sha256,262144,8,2018604,,,,,,,ContinuousBatches,2064709,2064709,,,,,,,2054626,,,,,,,solo and shared
10,3,blake3-servil-mt,262144,13,280544,,,,,,,ContinuousBatches,284248,284248,,,,,,,266937,,,,,,,solo and shared
10,4,sha256,1024,2117,1028322,,,,,,,ContinuousMessages,1041564,1041564,,,,,,,1039357,,,,,,,solo and shared
10,5,blake3-servil-mt,1024,2048,295296,,,,,,,ContinuousMessages,554508,480128,,,,,,,554508,,,,,,,solo and shared
11,0,blake3-servil-mt,262144,13,243594,,,,,,,ContinuousBatches,226178,226178,,,,,,,219278,,,,,,,solo and shared
11,1,sha256,262144,8,2099794,,,,,,,ContinuousBatches,2055174,2049436,,,,,,,2055174,,,,,,,solo and shared
11,2,blake3-servil-mt,1024,2048,265672,,,,,,,ContinuousMessages,386587,386587,,,,,,,384896,,,,,,,solo and shared
11,3,sha256,1024,2117,999417,,,,,,,ContinuousMessages,1020186,1020186,,,,,,,996820,,,,,,,solo and shared
11,4,blake3-servil-mt,1024,2832,339987,,,,,,,ContinuousBatches,384890,373811,,,,,,,384890,,,,,,,solo and shared
11,5,sha256,1024,2048,2050405,,,,,,,ContinuousBatches,2086232,2085470,,,,,,,2086232,,,,,,,solo and shared
12,0,sha256,1024,2117,995849,,,,,,,ContinuousMessages,1017853,1017678,,,,,,,1017853,,,,,,,solo and shared
12,1,blake3-servil-mt,1024,2048,249399,,,,,,,ContinuousMessages,431040,423637,,,,,,,431040,,,,,,,solo and shared
12,2,sha256,1024,2048,2042961,,,,,,,ContinuousBatches,2043732,2043732,,,,,,,2038764,,,,,,,solo and shared
12,3,blake3-servil-mt,1024,2832,357612,,,,,,,ContinuousBatches,366413,366413,,,,,,,352205,,,,,,,solo and shared
12,4,sha256,262144,8,2057389,,,,,,,ContinuousBatches,2066360,2054700,,,,,,,2066360,,,,,,,solo and shared
12,5,blake3-servil-mt,262144,13,315544,,,,,,,ContinuousBatches,299850,299499,,,,,,,299850,,,,,,,solo and shared
13,0,blake3-servil-mt,1024,2832,316435,,,,,,,ContinuousBatches,357219,357219,,,,,,,342662,,,,,,,solo and shared
13,1,sha256,1024,2048,2077051,,,,,,,ContinuousBatches,2082105,2081684,,,,,,,2082105,,,,,,,solo and shared
13,2,blake3-servil-mt,262144,13,200302,,,,,,,ContinuousBatches,256847,256847,,,,,,,254226,,,,,,,solo and shared
13,3,sha256,262144,8,2055944,,,,,,,ContinuousBatches,2051440,2049298,,,,,,,2051440,,,,,,,solo and shared
13,4,blake3-servil-mt,1024,2048,284618,,,,,,,ContinuousMessages,429852,414235,,,,,,,429852,,,,,,,solo and shared
13,5,sha256,1024,2117,1000169,,,,,,,ContinuousMessages,999949,998974,,,,,,,999949,,,,,,,solo and shared
14,0,sha256,262144,8,2057397,,,,,,,ContinuousBatches,2086343,2083368,,,,,,,2086343,,,,,,,solo and shared
14,1,blake3-servil-mt,262144,13,346780,,,,,,,ContinuousBatches,366618,349964,,,,,,,366618,,,,,,,solo and shared
14,2,sha256,1024,2117,1018977,,,,,,,ContinuousMessages,1017978,1017978,,,,,,,1016859,,,,,,,solo and shared
14,3,blake3-servil-mt,1024,2048,304507,,,,,,,ContinuousMessages,446287,446287,,,,,,,444233,,,,,,,solo and shared
14,4,sha256,1024,2048,2052859,,,,,,,ContinuousBatches,2061329,2061329,,,,,,,2056745,,,,,,,solo and shared
14,5,blake3-servil-mt,1024,2832,403316,,,,,,,ContinuousBatches,436999,436999,,,,,,,426496,,,,,,,solo and shared
15,0,blake3-servil-mt,1024,2048,364830,,,,,,,ContinuousMessages,418525,417238,,,,,,,418525,,,,,,,solo and shared
15,1,sha256,1024,2117,996287,,,,,,,ContinuousMessages,1009671,1009671,,,,,,,996568,,,,,,,solo and shared
15,2,blake3-servil-mt,1024,2832,325235,,,,,,,ContinuousBatches,362005,362005,,,,,,,350417,,,,,,,solo and shared
15,3,sha256,1024,2048,2040800,,,,,,,ContinuousBatches,2055507,2055507,,,,,,,2054980,,,,,,,solo and shared
15,4,blake3-servil-mt,262144,13,332817,,,,,,,ContinuousBatches,310129,310129,,,,,,,301607,,,,,,,solo and shared
15,5,sha256,262144,8,2097863,,,,,,,ContinuousBatches,2235559,2235559,,,,,,,2227790,,,,,,,solo and shared
16,0,sha256,1024,2048,2047120,,,,,,,ContinuousBatches,2122712,2060066,,,,,,,2122712,,,,,,,solo and shared
16,1,blake3-servil-mt,1024,2832,333171,,,,,,,ContinuousBatches,367314,365431,,,,,,,367314,,,,,,,solo and shared
16,2,sha256,262144,8,2088517,,,,,,,ContinuousBatches,2055094,2055094,,,,,,,2051281,,,,,,,solo and shared
16,3,blake3-servil-mt,262144,13,394950,,,,,,,ContinuousBatches,334110,332535,,,,,,,334110,,,,,,,solo and shared
16,4,sha256,1024,2117,1017198,,,,,,,ContinuousMessages,1535430,1535430,,,,,,,1533850,,,,,,,solo and shared
16,5,blake3-servil-mt,1024,2048,306724,,,,,,,ContinuousMessages,504120,504120,,,,,,,503572,,,,,,,solo and shared
17,0,blake3-servil-mt,262144,13,231917,,,,,,,ContinuousBatches,315031,313061,,,,,,,315031,,,,,,,solo and shared
17,1,sha256,262144,8,2101710,,,,,,,ContinuousBatches,3097872,3083085,,,,,,,3097872,,,,,,,solo and shared
17,2,blake3-servil-mt,1024,2048,285393,,,,,,,ContinuousMessages,427553,419613,,,,,,,427553,,,,,,,solo and shared
17,3,sha256,1024,2117,1000480,,,,,,,ContinuousMessages,997926,997926,,,,,,,996646,,,,,,,solo and shared
17,4,blake3-servil-mt,1024,2832,337934,,,,,,,ContinuousBatches,379606,379606,,,,,,,373079,,,,,,,solo and shared
17,5,sha256,1024,2048,2048838,,,,,,,ContinuousBatches,2051633,2051633,,,,,,,2048261,,,,,,,solo and shared
18,0,sha256,1024,2117,993968,,,,,,,ContinuousMessages,1003053,1003053,,,,,,,1002003,,,,,,,solo and shared
18,1,blake3-servil-mt,1024,2048,295220,,,,,,,ContinuousMessages,438348,438348,,,,,,,418096,,,,,,,solo and shared
18,2,sha256,1024,2048,2055869,,,,,,,ContinuousBatches,2039837,2039837,,,,,,,2039750,,,,,,,solo and shared
18,3,blake3-servil-mt,1024,2832,326454,,,,,,,ContinuousBatches,364014,364014,,,,,,,344900,,,,,,,solo and shared
18,4,sha256,262144,8,2057621,,,,,,,ContinuousBatches,2058576,2053568,,,,,,,2058576,,,,,,,solo and shared
18,5,blake3-servil-mt,262144,13,338711,,,,,,,ContinuousBatches,249715,245814,,,,,,,249715,,,,,,,solo and shared
19,0,blake3-servil-mt,1024,2832,316752,,,,,,,ContinuousBatches,347769,347769,,,,,,,345495,,,,,,,solo and shared
19,1,sha256,1024,2048,2102877,,,,,,,ContinuousBatches,2089831,2089831,,,,,,,2085180,,,,,,,solo and shared
19,2,blake3-servil-mt,262144,13,219633,,,,,,,ContinuousBatches,249859,246338,,,,,,,249859,,,,,,,solo and shared
19,3,sha256,262144,8,2054214,,,,,,,ContinuousBatches,2058911,2055658,,,,,,,2058911,,,,,,,solo and shared
19,4,blake3-servil-mt,1024,2048,321819,,,,,,,ContinuousMessages,425443,425443,,,,,,,402768,,,,,,,solo and shared
19,5,sha256,1024,2117,999496,,,,,,,ContinuousMessages,1015779,1015200,,,,,,,1015779,,,,,,,solo and shared
20,0,sha256,262144,8,2092290,,,,,,,ContinuousBatches,2112288,2105671,,,,,,,2112288,,,,,,,solo and shared
20,1,blake3-servil-mt,262144,13,291802,,,,,,,ContinuousBatches,285232,285232,,,,,,,277014,,,,,,,solo and shared
20,2,sha256,1024,2117,1000002,,,,,,,ContinuousMessages,998638,998638,,,,,,,997594,,,,,,,solo and shared
20,3,blake3-servil-mt,1024,2048,414159,,,,,,,ContinuousMessages,427737,427737,,,,,,,418336,,,,,,,solo and shared
20,4,sha256,1024,2048,2044395,,,,,,,ContinuousBatches,2057915,2057915,,,,,,,2054908,,,,,,,solo and shared
20,5,blake3-servil-mt,1024,2832,470612,,,,,,,ContinuousBatches,515716,515716,,,,,,,506026,,,,,,,solo and shared
21,0,blake3-servil-mt,1024,2048,291046,,,,,,,ContinuousMessages,430046,405728,,,,,,,430046,,,,,,,solo and shared
21,1,sha256,1024,2117,1043497,,,,,,,ContinuousMessages,1019074,1019074,,,,,,,1018213,,,,,,,solo and shared
21,2,blake3-servil-mt,1024,2832,313263,,,,,,,ContinuousBatches,315980,311051,,,,,,,315980,,,,,,,solo and shared
21,3,sha256,1024,2048,2047342,,,,,,,ContinuousBatches,2056343,2041311,,,,,,,2056343,,,,,,,solo and shared
21,4,blake3-servil-mt,262144,13,247050,,,,,,,ContinuousBatches,299556,283485,,,,,,,299556,,,,,,,solo and shared
21,5,sha256,262144,8,2097032,,,,,,,ContinuousBatches,2080378,2077870,,,,,,,2080378,,,,,,,solo and shared
22,0,sha256,1024,2048,2036825,,,,,,,ContinuousBatches,2092393,2041621,,,,,,,2092393,,,,,,,solo and shared
22,1,blake3-servil-mt,1024,2832,318821,,,,,,,ContinuousBatches,394498,394498,,,,,,,350679,,,,,,,solo and shared
22,2,sha256,262144,8,2080852,,,,,,,ContinuousBatches,2120721,2109415,,,,,,,2120721,,,,,,,solo and shared
22,3,blake3-servil-mt,262144,13,263481,,,,,,,ContinuousBatches,312699,312699,,,,,,,306447,,,,,,,solo and shared
22,4,sha256,1024,2117,1016216,,,,,,,ContinuousMessages,1038785,1038785,,,,,,,1016504,,,,,,,solo and shared
22,5,blake3-servil-mt,1024,2048,292885,,,,,,,ContinuousMessages,561073,555393,,,,,,,561073,,,,,,,solo and shared
23,0,blake3-servil-mt,262144,13,176655,,,,,,,ContinuousBatches,207033,205655,,,,,,,207033,,,,,,,solo and shared
23,1,sha256,262144,8,2120380,,,,,,,ContinuousBatches,2118270,2118270,,,,,,,2117845,,,,,,,solo and shared
23,2,blake3-servil-mt,1024,2048,255087,,,,,,,ContinuousMessages,421969,421969,,,,,,,421199,,,,,,,solo and shared
23,3,sha256,1024,2117,1003411,,,,,,,ContinuousMessages,998175,996293,,,,,,,998175,,,,,,,solo and shared
23,4,blake3-servil-mt,1024,2832,365767,,,,,,,ContinuousBatches,375184,350294,,,,,,,375184,,,,,,,solo and shared
23,5,sha256,1024,2048,2073991,,,,,,,ContinuousBatches,2110564,2110564,,,,,,,2054727,,,,,,,solo and shared
24,0,sha256,1024,2117,1003453,,,,,,,ContinuousMessages,1016362,1016003,,,,,,,1016362,,,,,,,solo and shared
24,1,blake3-servil-mt,1024,2048,296785,,,,,,,ContinuousMessages,396768,396768,,,,,,,372779,,,,,,,solo and shared
24,2,sha256,1024,2048,2050778,,,,,,,ContinuousBatches,2045588,2045588,,,,,,,2045498,,,,,,,solo and shared
24,3,blake3-servil-mt,1024,2832,310766,,,,,,,ContinuousBatches,306325,303189,,,,,,,306325,,,,,,,solo and shared
24,4,sha256,262144,8,2064715,,,,,,,ContinuousBatches,2066601,2061844,,,,,,,2066601,,,,,,,solo and shared
24,5,blake3-servil-mt,262144,13,228154,,,,,,,ContinuousBatches,258068,251082,,,,,,,258068,,,,,,,solo and shared
25,0,blake3-servil-mt,1024,2832,315774,,,,,,,ContinuousBatches,342987,342987,,,,,,,339299,,,,,,,solo and shared
25,1,sha256,1024,2048,2123743,,,,,,,ContinuousBatches,2126392,2124300,,,,,,,2126392,,,,,,,solo and shared
25,2,blake3-servil-mt,262144,13,175722,,,,,,,ContinuousBatches,277179,262675,,,,,,,277179,,,,,,,solo and shared
25,3,sha256,262144,8,2113656,,,,,,,ContinuousBatches,2057237,2057237,,,,,,,2051771,,,,,,,solo and shared
25,4,blake3-servil-mt,1024,2048,271861,,,,,,,ContinuousMessages,499925,499925,,,,,,,439063,,,,,,,solo and shared
25,5,sha256,1024,2117,1001328,,,,,,,ContinuousMessages,1000162,1000162,,,,,,,998581,,,,,,,solo and shared
26,0,sha256,262144,8,2057709,,,,,,,ContinuousBatches,2102934,2052229,,,,,,,2102934,,,,,,,solo and shared
26,1,blake3-servil-mt,262144,13,222418,,,,,,,ContinuousBatches,289029,289029,,,,,,,250226,,,,,,,solo and shared
26,2,sha256,1024,2117,1019427,,,,,,,ContinuousMessages,1019268,1019268,,,,,,,1016664,,,,,,,solo and shared
26,3,blake3-servil-mt,1024,2048,278794,,,,,,,ContinuousMessages,424772,424772,,,,,,,424033,,,,,,,solo and shared
26,4,sha256,1024,2048,2060228,,,,,,,ContinuousBatches,2984660,2984660,,,,,,,2983747,,,,,,,solo and shared
26,5,blake3-servil-mt,1024,2832,412356,,,,,,,ContinuousBatches,512549,499420,,,,,,,512549,,,,,,,solo and shared
27,0,blake3-servil-mt,1024,2048,363881,,,,,,,ContinuousMessages,427012,427012,,,,,,,423335,,,,,,,solo and shared
27,1,sha256,1024,2117,1028318,,,,,,,ContinuousMessages,1554401,1554401,,,,,,,1553244,,,,,,,solo and shared
27,2,blake3-servil-mt,1024,2832,394759,,,,,,,ContinuousBatches,417707,417707,,,,,,,408464,,,,,,,solo and shared
27,3,sha256,1024,2048,2058984,,,,,,,ContinuousBatches,2049628,2049628,,,,,,,2042992,,,,,,,solo and shared
27,4,blake3-servil-mt,262144,13,297141,,,,,,,ContinuousBatches,264607,264607,,,,,,,262250,,,,,,,solo and shared
27,5,sha256,262144,8,2070707,,,,,,,ContinuousBatches,2142218,2142218,,,,,,,2106021,,,,,,,solo and shared
28,0,sha256,1024,2048,2040982,,,,,,,ContinuousBatches,2067119,2067119,,,,,,,2040579,,,,,,,solo and shared
28,1,blake3-servil-mt,1024,2832,333697,,,,,,,ContinuousBatches,365769,365769,,,,,,,361146,,,,,,,solo and shared
28,2,sha256,262144,8,2059109,,,,,,,ContinuousBatches,2152002,2145889,,,,,,,2152002,,,,,,,solo and shared
28,3,blake3-servil-mt,262144,13,252433,,,,,,,ContinuousBatches,244492,244492,,,,,,,238253,,,,,,,solo and shared
28,4,sha256,1024,2117,1035639,,,,,,,ContinuousMessages,1039804,1039804,,,,,,,1037820,,,,,,,solo and shared
28,5,blake3-servil-mt,1024,2048,237305,,,,,,,ContinuousMessages,435895,435895,,,,,,,434284,,,,,,,solo and shared
29,0,blake3-servil-mt,262144,13,158613,,,,,,,ContinuousBatches,213609,213609,,,,,,,207717,,,,,,,solo and shared
29,1,sha256,262144,8,2117947,,,,,,,ContinuousBatches,2053494,2053494,,,,,,,2047502,,,,,,,solo and shared
29,2,blake3-servil-mt,1024,2048,290603,,,,,,,ContinuousMessages,420071,420071,,,,,,,395539,,,,,,,solo and shared
29,3,sha256,1024,2117,997930,,,,,,,ContinuousMessages,1002712,992844,,,,,,,1002712,,,,,,,solo and shared
29,4,blake3-servil-mt,1024,2832,340811,,,,,,,ContinuousBatches,323312,323312,,,,,,,322051,,,,,,,solo and shared
29,5,sha256,1024,2048,2040195,,,,,,,ContinuousBatches,2041276,2040467,,,,,,,2041276,,,,,,,solo and shared
30,0,sha256,1024,2117,993635,,,,,,,ContinuousMessages,997132,997132,,,,,,,996369,,,,,,,solo and shared
30,1,blake3-servil-mt,1024,2048,321120,,,,,,,ContinuousMessages,407341,407341,,,,,,,406349,,,,,,,solo and shared
30,2,sha256,1024,2048,2054384,,,,,,,ContinuousBatches,2084733,2039511,,,,,,,2084733,,,,,,,solo and shared
30,3,blake3-servil-mt,1024,2832,300227,,,,,,,ContinuousBatches,328593,328593,,,,,,,328326,,,,,,,solo and shared
30,4,sha256,262144,8,2058457,,,,,,,ContinuousBatches,2055876,2053152,,,,,,,2055876,,,,,,,solo and shared
30,5,blake3-servil-mt,262144,13,333322,,,,,,,ContinuousBatches,224258,221428,,,,,,,224258,,,,,,,solo and shared
31,0,blake3-servil-mt,1024,2832,283498,,,,,,,ContinuousBatches,321935,302904,,,,,,,321935,,,,,,,solo and shared
31,1,sha256,1024,2048,2123195,,,,,,,ContinuousBatches,2131957,2125366,,,,,,,2131957,,,,,,,solo and shared
31,2,blake3-servil-mt,262144,13,379990,,,,,,,ContinuousBatches,204111,204111,,,,,,,197589,,,,,,,solo and shared
31,3,sha256,262144,8,2104050,,,,,,,ContinuousBatches,2096667,2096667,,,,,,,2094496,,,,,,,solo and shared
31,4,blake3-servil-mt,1024,2048,243707,,,,,,,ContinuousMessages,409338,401341,,,,,,,409338,,,,,,,solo and shared
31,5,sha256,1024,2117,1021041,,,,,,,ContinuousMessages,1019670,1016660,,,,,,,1019670,,,,,,,solo and shared
32,0,sha256,262144,8,2093934,,,,,,,ContinuousBatches,2098103,2098103,,,,,,,2070803,,,,,,,solo and shared
32,1,blake3-servil-mt,262144,13,200184,,,,,,,ContinuousBatches,248195,248195,,,,,,,247601,,,,,,,solo and shared
32,2,sha256,1024,2117,1016053,,,,,,,ContinuousMessages,1068085,1023570,,,,,,,1068085,,,,,,,solo and shared
32,3,blake3-servil-mt,1024,2048,316467,,,,,,,ContinuousMessages,443937,329684,,,,,,,443937,,,,,,,solo and shared
32,4,sha256,1024,2048,2045446,,,,,,,ContinuousBatches,2266127,2040828,,,,,,,2266127,,,,,,,solo and shared
32,5,blake3-servil-mt,1024,2832,343899,,,,,,,ContinuousBatches,403070,397075,,,,,,,403070,,,,,,,solo and shared
33,0,blake3-servil-mt,1024,2048,310722,,,,,,,ContinuousMessages,475933,475933,,,,,,,465916,,,,,,,solo and shared
33,1,sha256,1024,2117,1026833,,,,,,,ContinuousMessages,1005329,997361,,,,,,,1005329,,,,,,,solo and shared
33,2,blake3-servil-mt,1024,2832,304686,,,,,,,ContinuousBatches,366260,366260,,,,,,,329923,,,,,,,solo and shared
33,3,sha256,1024,2048,2045271,,,,,,,ContinuousBatches,2051816,2051816,,,,,,,2048915,,,,,,,solo and shared
33,4,blake3-servil-mt,262144,13,304515,,,,,,,ContinuousBatches,302070,287571,,,,,,,302070,,,,,,,solo and shared
33,5,sha256,262144,8,2122845,,,,,,,ContinuousBatches,2125139,2115679,,,,,,,2125139,,,,,,,solo and shared
34,0,sha256,1024,2048,2178083,,,,,,,ContinuousBatches,2124198,2124198,,,,,,,2122089,,,,,,,solo and shared
34,1,blake3-servil-mt,1024,2832,405126,,,,,,,ContinuousBatches,404974,401691,,,,,,,404974,,,,,,,solo and shared
34,2,sha256,262144,8,2028604,,,,,,,ContinuousBatches,2056663,2056318,,,,,,,2056663,,,,,,,solo and shared
34,3,blake3-servil-mt,262144,13,400785,,,,,,,ContinuousBatches,243453,243453,,,,,,,238095,,,,,,,solo and shared
34,4,sha256,1024,2117,1024269,,,,,,,ContinuousMessages,1029584,1029584,,,,,,,1029354,,,,,,,solo and shared
34,5,blake3-servil-mt,1024,2048,248856,,,,,,,ContinuousMessages,455258,455258,,,,,,,454310,,,,,,,solo and shared
35,0,blake3-servil-mt,262144,13,179107,,,,,,,ContinuousBatches,211557,206791,,,,,,,211557,,,,,,,solo and shared
35,1,sha256,262144,8,2116696,,,,,,,ContinuousBatches,2073357,2073357,,,,,,,2071473,,,,,,,solo and shared
35,2,blake3-servil-mt,1024,2048,319520,,,,,,,ContinuousMessages,423431,423431,,,,,,,417177,,,,,,,solo and shared
35,3,sha256,1024,2117,986327,,,,,,,ContinuousMessages,997712,997712,,,,,,,996441,,,,,,,solo and shared
35,4,blake3-servil-mt,1024,2832,340795,,,,,,,ContinuousBatches,318570,318570,,,,,,,313632,,,,,,,solo and shared
35,5,sha256,1024,2048,2050817,,,,,,,ContinuousBatches,2084257,2043638,,,,,,,2084257,,,,,,,solo and shared
36,0,sha256,1024,2117,976769,,,,,,,ContinuousMessages,999115,999115,,,,,,,996982,,,,,,,solo and shared
36,1,blake3-servil-mt,1024,2048,414320,,,,,,,ContinuousMessages,426465,411013,,,,,,,426465,,,,,,,solo and shared
36,2,sha256,1024,2048,2009242,,,,,,,ContinuousBatches,2044649,2044649,,,,,,,2039646,,,,,,,solo and shared
36,3,blake3-servil-mt,1024,2832,302928,,,,,,,ContinuousBatches,334088,334088,,,,,,,332747,,,,,,,solo and shared
36,4,sha256,262144,8,2075795,,,,,,,ContinuousBatches,2077429,2074897,,,,,,,2077429,,,,,,,solo and shared
36,5,blake3-servil-mt,262144,13,234377,,,,,,,ContinuousBatches,244526,244526,,,,,,,237217,,,,,,,solo and shared
37,0,blake3-servil-mt,1024,2832,310566,,,,,,,ContinuousBatches,315932,315932,,,,,,,309440,,,,,,,solo and shared
37,1,sha256,1024,2048,2070464,,,,,,,ContinuousBatches,2045836,2045089,,,,,,,2045836,,,,,,,solo and shared
37,2,blake3-servil-mt,262144,13,193258,,,,,,,ContinuousBatches,339153,339153,,,,,,,335425,,,,,,,solo and shared
37,3,sha256,262144,8,2159546,,,,,,,ContinuousBatches,2138287,2138287,,,,,,,2138003,,,,,,,solo and shared
37,4,blake3-servil-mt,1024,2048,279182,,,,,,,ContinuousMessages,405471,405471,,,,,,,396711,,,,,,,solo and shared
37,5,sha256,1024,2117,1004570,,,,,,,ContinuousMessages,1006353,1006353,,,,,,,1005745,,,,,,,solo and shared
38,0,sha256,262144,8,2057041,,,,,,,ContinuousBatches,2071169,2056634,,,,,,,2071169,,,,,,,solo and shared
38,1,blake3-servil-mt,262144,13,517795,,,,,,,ContinuousBatches,203867,203625,,,,,,,203867,,,,,,,solo and shared
38,2,sha256,1024,2117,1042684,,,,,,,ContinuousMessages,1038722,1038722,,,,,,,1038610,,,,,,,solo and shared
38,3,blake3-servil-mt,1024,2048,295817,,,,,,,ContinuousMessages,409041,396379,,,,,,,409041,,,,,,,solo and shared
38,4,sha256,1024,2048,2019834,,,,,,,ContinuousBatches,2042100,2042100,,,,,,,2041566,,,,,,,solo and shared
38,5,blake3-servil-mt,1024,2832,324281,,,,,,,ContinuousBatches,339124,339124,,,,,,,330026,,,,,,,solo and shared
39,0,blake3-servil-mt,1024,2048,305431,,,,,,,ContinuousMessages,431573,430265,,,,,,,431573,,,,,,,solo and shared
39,1,sha256,1024,2117,1003940,,,,,,,ContinuousMessages,1044968,1044968,,,,,,,1002632,,,,,,,solo and shared
39,2,blake3-servil-mt,1024,2832,319623,,,,,,,ContinuousBatches,339726,339726,,,,,,,338537,,,,,,,solo and shared
39,3,sha256,1024,2048,2040643,,,,,,,ContinuousBatches,2045358,2045358,,,,,,,2043700,,,,,,,solo and shared
39,4,blake3-servil-mt,262144,13,265676,,,,,,,ContinuousBatches,290684,283965,,,,,,,290684,,,,,,,solo and shared
39,5,sha256,262144,8,2108478,,,,,,,ContinuousBatches,2150294,2150294,,,,,,,2128564,,,,,,,solo and shared
40,0,sha256,1024,2048,2093960,,,,,,,ContinuousBatches,2077205,2076567,,,,,,,2077205,,,,,,,solo and shared
40,1,blake3-servil-mt,1024,2832,353292,,,,,,,ContinuousBatches,404800,404800,,,,,,,371304,,,,,,,solo and shared
40,2,sha256,262144,8,2074016,,,,,,,ContinuousBatches,2072242,2065971,,,,,,,2072242,,,,,,,solo and shared
40,3,blake3-servil-mt,262144,13,445889,,,,,,,ContinuousBatches,253892,249242,,,,,,,253892,,,,,,,solo and shared
40,4,sha256,1024,2117,997708,,,,,,,ContinuousMessages,1006363,1006363,,,,,,,999398,,,,,,,solo and shared
40,5,blake3-servil-mt,1024,2048,318139,,,,,,,ContinuousMessages,449884,449884,,,,,,,449398,,,,,,,solo and shared
41,0,blake3-servil-mt,262144,13,245929,,,,,,,ContinuousBatches,207269,200025,,,,,,,207269,,,,,,,solo and shared
41,1,sha256,262144,8,2137012,,,,,,,ContinuousBatches,2161780,2146366,,,,,,,2161780,,,,,,,solo and shared
41,2,blake3-servil-mt,1024,2048,237204,,,,,,,ContinuousMessages,441777,441777,,,,,,,407895,,,,,,,solo and shared
41,3,sha256,1024,2117,994950,,,,,,,ContinuousMessages,1063722,1016934,,,,,,,1063722,,,,,,,solo and shared
41,4,blake3-servil-mt,1024,2832,325335,,,,,,,ContinuousBatches,339236,339236,,,,,,,339064,,,,,,,solo and shared
41,5,sha256,1024,2048,2039876,,,,,,,ContinuousBatches,2050142,2050142,,,,,,,2040750,,,,,,,solo and shared
42,0,sha256,1024,2117,993865,,,,,,,ContinuousMessages,996667,996667,,,,,,,996440,,,,,,,solo and shared
42,1,blake3-servil-mt,1024,2048,338633,,,,,,,ContinuousMessages,459687,459687,,,,,,,459075,,,,,,,solo and shared
42,2,sha256,1024,2048,2038263,,,,,,,ContinuousBatches,2089146,2089146,,,,,,,2038636,,,,,,,solo and shared
42,3,blake3-servil-mt,1024,2832,323274,,,,,,,ContinuousBatches,315194,309863,,,,,,,315194,,,,,,,solo and shared
42,4,sha256,262144,8,2057951,,,,,,,ContinuousBatches,2061192,2061192,,,,,,,2059609,,,,,,,solo and shared
42,5,blake3-servil-mt,262144,13,248958,,,,,,,ContinuousBatches,238181,231075,,,,,,,238181,,,,,,,solo and shared
43,0,blake3-servil-mt,1024,2832,287412,,,,,,,ContinuousBatches,305682,299173,,,,,,,305682,,,,,,,solo and shared
43,1,sha256,1024,2048,2125533,,,,,,,ContinuousBatches,2137531,2137531,,,,,,,2126229,,,,,,,solo and shared
43,2,blake3-servil-mt,262144,13,160407,,,,,,,ContinuousBatches,239585,239585,,,,,,,238382,,,,,,,solo and shared
43,3,sha256,262144,8,2062114,,,,,,,ContinuousBatches,2047206,2047206,,,,,,,2046652,,,,,,,solo and shared
43,4,blake3-servil-mt,1024,2048,286973,,,,,,,ContinuousMessages,428001,428001,,,,,,,426858,,,,,,,solo and shared
43,5,sha256,1024,2117,995531,,,,,,,ContinuousMessages,1002576,997603,,,,,,,1002576,,,,,,,solo and shared
44,0,sha256,262144,8,2110694,,,,,,,ContinuousBatches,2051054,2051054,,,,,,,2049010,,,,,,,solo and shared
44,1,blake3-servil-mt,262144,13,361994,,,,,,,ContinuousBatches,203446,197631,,,,,,,203446,,,,,,,solo and shared
44,2,sha256,1024,2117,1036365,,,,,,,ContinuousMessages,1039446,1038720,,,,,,,1039446,,,,,,,solo and shared
44,3,blake3-servil-mt,1024,2048,274412,,,,,,,ContinuousMessages,443934,436015,,,,,,,443934,,,,,,,solo and shared
44,4,sha256,1024,2048,2049180,,,,,,,ContinuousBatches,2049843,2049843,,,,,,,2042570,,,,,,,solo and shared
44,5,blake3-servil-mt,1024,2832,330594,,,,,,,ContinuousBatches,327232,324600,,,,,,,327232,,,,,,,solo and shared
45,0,blake3-servil-mt,1024,2048,305130,,,,,,,ContinuousMessages,376736,376736,,,,,,,374780,,,,,,,solo and shared
45,1,sha256,1024,2117,1051006,,,,,,,ContinuousMessages,1038168,1037930,,,,,,,1038168,,,,,,,solo and shared
45,2,blake3-servil-mt,1024,2832,286467,,,,,,,ContinuousBatches,363866,348189,,,,,,,363866,,,,,,,solo and shared
45,3,sha256,1024,2048,2045488,,,,,,,ContinuousBatches,2046517,2043048,,,,,,,2046517,,,,,,,solo and shared
45,4,blake3-servil-mt,262144,13,263137,,,,,,,ContinuousBatches,265708,265708,,,,,,,263983,,,,,,,solo and shared
45,5,sha256,262144,8,2122499,,,,,,,ContinuousBatches,2128027,2126264,,,,,,,2128027,,,,,,,solo and shared
46,0,sha256,1024,2048,2039848,,,,,,,ContinuousBatches,2049091,2046103,,,,,,,2049091,,,,,,,solo and shared
46,1,blake3-servil-mt,1024,2832,418754,,,,,,,ContinuousBatches,583690,583690,,,,,,,563093,,,,,,,solo and shared
46,2,sha256,262144,8,2181620,,,,,,,ContinuousBatches,2072950,2070672,,,,,,,2072950,,,,,,,solo and shared
46,3,blake3-servil-mt,262144,13,239533,,,,,,,ContinuousBatches,300193,300193,,,,,,,294144,,,,,,,solo and shared
46,4,sha256,1024,2117,1017733,,,,,,,ContinuousMessages,1017127,1017011,,,,,,,1017127,,,,,,,solo and shared
46,5,blake3-servil-mt,1024,2048,265617,,,,,,,ContinuousMessages,481928,423554,,,,,,,481928,,,,,,,solo and shared
47,0,blake3-servil-mt,262144,13,178568,,,,,,,ContinuousBatches,246903,240255,,,,,,,246903,,,,,,,solo and shared
47,1,sha256,262144,8,2101353,,,,,,,ContinuousBatches,2071341,2059476,,,,,,,2071341,,,,,,,solo and shared
47,2,blake3-servil-mt,1024,2048,339615,,,,,,,ContinuousMessages,399559,399559,,,,,,,391824,,,,,,,solo and shared
47,3,sha256,1024,2117,986085,,,,,,,ContinuousMessages,998217,996321,,,,,,,998217,,,,,,,solo and shared
47,4,blake3-servil-mt,1024,2832,330426,,,,,,,ContinuousBatches,334836,329796,,,,,,,334836,,,,,,,solo and shared
47,5,sha256,1024,2048,2043234,,,,,,,ContinuousBatches,2042676,2039235,,,,,,,2042676,,,,,,,solo and shared
48,0,sha256,1024,2117,993087,,,,,,,ContinuousMessages,1039950,996902,,,,,,,1039950,,,,,,,solo and shared
48,1,blake3-servil-mt,1024,2048,692631,,,,,,,ContinuousMessages,484006,484006,,,,,,,406460,,,,,,,solo and shared
48,2,sha256,1024,2048,2040099,,,,,,,ContinuousBatches,2040291,2040028,,,,,,,2040291,,,,,,,solo and shared
48,3,blake3-servil-mt,1024,2832,306399,,,,,,,ContinuousBatches,323855,318273,,,,,,,323855,,,,,,,solo and shared
48,4,sha256,262144,8,2084347,,,,,,,ContinuousBatches,2066612,2066612,,,,,,,2058105,,,,,,,solo and shared
48,5,blake3-servil-mt,262144,13,228274,,,,,,,ContinuousBatches,270703,265338,,,,,,,270703,,,,,,,solo and shared
49,0,blake3-servil-mt,1024,2832,295945,,,,,,,ContinuousBatches,309515,303948,,,,,,,309515,,,,,,,solo and shared
49,1,sha256,1024,2048,2124234,,,,,,,ContinuousBatches,2119493,2119493,,,,,,,2118895,,,,,,,solo and shared
49,2,blake3-servil-mt,262144,13,171433,,,,,,,ContinuousBatches,254998,246225,,,,,,,254998,,,,,,,solo and shared
49,3,sha256,262144,8,2058105,,,,,,,ContinuousBatches,2096263,2096263,,,,,,,2050588,,,,,,,solo and shared
49,4,blake3-servil-mt,1024,2048,325669,,,,,,,ContinuousMessages,429689,401925,,,,,,,429689,,,,,,,solo and shared
49,5,sha256,1024,2117,1003624,,,,,,,ContinuousMessages,1000641,1000641,,,,,,,995301,,,,,,,solo and shared
50,0,sha256,262144,8,2056373,,,,,,,ContinuousBatches,2053766,2052920,,,,,,,2053766,,,,,,,solo and shared
50,1,blake3-servil-mt,262144,13,327856,,,,,,,ContinuousBatches,253692,250311,,,,,,,253692,,,,,,,solo and shared
50,2,sha256,1024,2117,1042264,,,,,,,ContinuousMessages,1596192,1595259,,,,,,,1596192,,,,,,,solo and shared
50,3,blake3-servil-mt,1024,2048,244951,,,,,,,ContinuousMessages,403541,388152,,,,,,,403541,,,,,,,solo and shared
50,4,sha256,1024,2048,2046373,,,,,,,ContinuousBatches,2046341,2042506,,,,,,,2046341,,,,,,,solo and shared
50,5,blake3-servil-mt,1024,2832,313162,,,,,,,ContinuousBatches,329097,329097,,,,,,,327934,,,,,,,solo and shared
51,0,blake3-servil-mt,1024,2048,308904,,,,,,,ContinuousMessages,386828,386828,,,,,,,377492,,,,,,,solo and shared
51,1,sha256,1024,2117,1021695,,,,,,,ContinuousMessages,999524,999065,,,,,,,999524,,,,,,,solo and shared
51,2,blake3-servil-mt,1024,2832,322138,,,,,,,ContinuousBatches,315508,308140,,,,,,,315508,,,,,,,solo and shared
51,3,sha256,1024,2048,2093508,,,,,,,ContinuousBatches,2056770,2048290,,,,,,,2056770,,,,,,,solo and shared
51,4,blake3-servil-mt,262144,13,228210,,,,,,,ContinuousBatches,302844,301722,,,,,,,302844,,,,,,,solo and shared
51,5,sha256,262144,8,2108485,,,,,,,ContinuousBatches,2076906,2076906,,,,,,,2070374,,,,,,,solo and shared
52,0,sha256,1024,2048,2046638,,,,,,,ContinuousBatches,2049022,2049022,,,,,,,2046424,,,,,,,solo and shared
52,1,blake3-servil-mt,1024,2832,476489,,,,,,,ContinuousBatches,458840,458840,,,,,,,452044,,,,,,,solo and shared
52,2,sha256,262144,8,2147080,,,,,,,ContinuousBatches,2117002,2083920,,,,,,,2117002,,,,,,,solo and shared
52,3,blake3-servil-mt,262144,13,226045,,,,,,,ContinuousBatches,340197,340197,,,,,,,332138,,,,,,,solo and shared
52,4,sha256,1024,2117,998337,,,,,,,ContinuousMessages,1000759,1000040,,,,,,,1000759,,,,,,,solo and shared
52,5,blake3-servil-mt,1024,2048,330555,,,,,,,ContinuousMessages,404776,391141,,,,,,,404776,,,,,,,solo and shared
53,0,blake3-servil-mt,262144,13,154209,,,,,,,ContinuousBatches,199748,199274,,,,,,,199748,,,,,,,solo and shared
53,1,sha256,262144,8,2078617,,,,,,,ContinuousBatches,2055395,2052624,,,,,,,2055395,,,,,,,solo and shared
53,2,blake3-servil-mt,1024,2048,264975,,,,,,,ContinuousMessages,442663,399552,,,,,,,442663,,,,,,,solo and shared
53,3,sha256,1024,2117,996228,,,,,,,ContinuousMessages,1014040,1014040,,,,,,,996615,,,,,,,solo and shared
53,4,blake3-servil-mt,1024,2832,346438,,,,,,,ContinuousBatches,438148,429288,,,,,,,438148,,,,,,,solo and shared
53,5,sha256,1024,2048,2042029,,,,,,,ContinuousBatches,2987310,2986983,,,,,,,2987310,,,,,,,solo and shared
54,0,sha256,1024,2117,994092,,,,,,,ContinuousMessages,1532469,1531900,,,,,,,1532469,,,,,,,solo and shared
54,1,blake3-servil-mt,1024,2048,299285,,,,,,,ContinuousMessages,505987,453994,,,,,,,505987,,,,,,,solo and shared
54,2,sha256,1024,2048,2040058,,,,,,,ContinuousBatches,2585443,2585443,,,,,,,2541707,,,,,,,solo and shared
54,3,blake3-servil-mt,1024,2832,473608,,,,,,,ContinuousBatches,322827,313928,,,,,,,322827,,,,,,,solo and shared
54,4,sha256,262144,8,2060027,,,,,,,ContinuousBatches,2059271,2057263,,,,,,,2059271,,,,,,,solo and shared
54,5,blake3-servil-mt,262144,13,221470,,,,,,,ContinuousBatches,355772,355772,,,,,,,355602,,,,,,,solo and shared
55,0,blake3-servil-mt,1024,2832,281054,,,,,,,ContinuousBatches,322159,308928,,,,,,,322159,,,,,,,solo and shared
55,1,sha256,1024,2048,2100138,,,,,,,ContinuousBatches,2126393,2125264,,,,,,,2126393,,,,,,,solo and shared
55,2,blake3-servil-mt,262144,13,313190,,,,,,,ContinuousBatches,306450,299959,,,,,,,306450,,,,,,,solo and shared
55,3,sha256,262144,8,2114697,,,,,,,ContinuousBatches,2147418,2135509,,,,,,,2147418,,,,,,,solo and shared
55,4,blake3-servil-mt,1024,2048,305330,,,,,,,ContinuousMessages,445831,417072,,,,,,,445831,,,,,,,solo and shared
55,5,sha256,1024,2117,996543,,,,,,,ContinuousMessages,1010871,1010871,,,,,,,1008241,,,,,,,solo and shared
56,0,sha256,262144,8,2052768,,,,,,,ContinuousBatches,2066876,2062932,,,,,,,2066876,,,,,,,solo and shared
56,1,blake3-servil-mt,262144,13,259062,,,,,,,ContinuousBatches,273836,267489,,,,,,,273836,,,,,,,solo and shared
56,2,sha256,1024,2117,1034211,,,,,,,ContinuousMessages,1038294,1037362,,,,,,,1038294,,,,,,,solo and shared
56,3,blake3-servil-mt,1024,2048,229132,,,,,,,ContinuousMessages,391012,390878,,,,,,,391012,,,,,,,solo and shared
56,4,sha256,1024,2048,2043214,,,,,,,ContinuousBatches,2042831,2042831,,,,,,,2040650,,,,,,,solo and shared
56,5,blake3-servil-mt,1024,2832,309615,,,,,,,ContinuousBatches,315646,315077,,,,,,,315646,,,,,,,solo and shared
57,0,blake3-servil-mt,1024,2048,289118,,,,,,,ContinuousMessages,408749,408749,,,,,,,392962,,,,,,,solo and shared
57,1,sha256,1024,2117,1022319,,,,,,,ContinuousMessages,999655,999486,,,,,,,999655,,,,,,,solo and shared
57,2,blake3-servil-mt,1024,2832,331243,,,,,,,ContinuousBatches,320279,320279,,,,,,,310398,,,,,,,solo and shared
57,3,sha256,1024,2048,2068802,,,,,,,ContinuousBatches,2056696,2056696,,,,,,,2049542,,,,,,,solo and shared
57,4,blake3-servil-mt,262144,13,291479,,,,,,,ContinuousBatches,250433,242405,,,,,,,250433,,,,,,,solo and shared
57,5,sha256,262144,8,2143384,,,,,,,ContinuousBatches,2144922,2144922,,,,,,,2137799,,,,,,,solo and shared
58,0,sha256,1024,2048,2257021,,,,,,,ContinuousBatches,2091924,2090640,,,,,,,2091924,,,,,,,solo and shared
58,1,blake3-servil-mt,1024,2832,352313,,,,,,,ContinuousBatches,410059,399352,,,,,,,410059,,,,,,,solo and shared
58,2,sha256,262144,8,2113963,,,,,,,ContinuousBatches,2202318,2192235,,,,,,,2202318,,,,,,,solo and shared
58,3,blake3-servil-mt,262144,13,390263,,,,,,,ContinuousBatches,266015,257660,,,,,,,266015,,,,,,,solo and shared
58,4,sha256,1024,2117,1036282,,,,,,,ContinuousMessages,1040362,1037807,,,,,,,1040362,,,,,,,solo and shared
58,5,blake3-servil-mt,1024,2048,342426,,,,,,,ContinuousMessages,396595,396595,,,,,,,365130,,,,,,,solo and shared
59,0,blake3-servil-mt,262144,13,174553,,,,,,,ContinuousBatches,213563,213563,,,,,,,208456,,,,,,,solo and shared
59,1,sha256,262144,8,2140453,,,,,,,ContinuousBatches,2110779,2110779,,,,,,,2108719,,,,,,,solo and shared
59,2,blake3-servil-mt,1024,2048,269069,,,,,,,ContinuousMessages,426032,426032,,,,,,,397683,,,,,,,solo and shared
59,3,sha256,1024,2117,1042791,,,,,,,ContinuousMessages,996104,996104,,,,,,,995708,,,,,,,solo and shared
59,4,blake3-servil-mt,1024,2832,333272,,,,,,,ContinuousBatches,406190,391680,,,,,,,406190,,,,,,,solo and shared
59,5,sha256,1024,2048,2043168,,,,,,,ContinuousBatches,2050638,2042328,,,,,,,2050638,,,,,,,solo and shared
60,0,sha256,1024,2117,993727,,,,,,,ContinuousMessages,997449,997449,,,,,,,995324,,,,,,,solo and shared
60,1,blake3-servil-mt,1024,2048,276165,,,,,,,ContinuousMessages,408327,407739,,,,,,,408327,,,,,,,solo and shared
60,2,sha256,1024,2048,2043723,,,,,,,ContinuousBatches,2053275,2053275,,,,,,,2042508,,,,,,,solo and shared
60,3,blake3-servil-mt,1024,2832,315075,,,,,,,ContinuousBatches,339359,339359,,,,,,,322060,,,,,,,solo and shared
60,4,sha256,262144,8,2063363,,,,,,,ContinuousBatches,2058597,2058597,,,,,,,2058421,,,,,,,solo and shared
60,5,blake3-servil-mt,262144,13,229198,,,,,,,ContinuousBatches,321955,321955,,,,,,,319835,,,,,,,solo and shared
61,0,blake3-servil-mt,1024,2832,367015,,,,,,,ContinuousBatches,300794,300794,,,,,,,298210,,,,,,,solo and shared
61,1,sha256,1024,2048,2126251,,,,,,,ContinuousBatches,2115762,2115762,,,,,,,2113839,,,,,,,solo and shared
61,2,blake3-servil-mt,262144,13,178126,,,,,,,ContinuousBatches,348788,348788,,,,,,,297310,,,,,,,solo and shared
61,3,sha256,262144,8,2058133,,,,,,,ContinuousBatches,2110185,2047565,,,,,,,2110185,,,,,,,solo and shared
61,4,blake3-servil-mt,1024,2048,299325,,,,,,,ContinuousMessages,478199,463148,,,,,,,478199,,,,,,,solo and shared
61,5,sha256,1024,2117,997300,,,,,,,ContinuousMessages,996410,996410,,,,,,,996338,,,,,,,solo and shared
62,0,sha256,262144,8,2050524,,,,,,,ContinuousBatches,2050658,2047964,,,,,,,2050658,,,,,,,solo and shared
62,1,blake3-servil-mt,262144,13,289383,,,,,,,ContinuousBatches,240168,239449,,,,,,,240168,,,,,,,solo and shared
62,2,sha256,1024,2117,1035865,,,,,,,ContinuousMessages,1038944,1038230,,,,,,,1038944,,,,,,,solo and shared
62,3,blake3-servil-mt,1024,2048,248723,,,,,,,ContinuousMessages,429675,402776,,,,,,,429675,,,,,,,solo and shared
62,4,sha256,1024,2048,2059479,,,,,,,ContinuousBatches,2046032,2043658,,,,,,,2046032,,,,,,,solo and shared
62,5,blake3-servil-mt,1024,2832,298693,,,,,,,ContinuousBatches,332520,332520,,,,,,,327873,,,,,,,solo and shared
63,0,blake3-servil-mt,1024,2048,330536,,,,,,,ContinuousMessages,390407,390407,,,,,,,379288,,,,,,,solo and shared
63,1,sha256,1024,2117,1015529,,,,,,,ContinuousMessages,1017072,1016671,,,,,,,1017072,,,,,,,solo and shared
63,2,blake3-servil-mt,1024,2832,284830,,,,,,,ContinuousBatches,313471,313471,,,,,,,306088,,,,,,,solo and shared
63,3,sha256,1024,2048,2032949,,,,,,,ContinuousBatches,2041052,2040151,,,,,,,2041052,,,,,,,solo and shared
63,4,blake3-servil-mt,262144,13,375265,,,,,,,ContinuousBatches,201251,195107,,,,,,,201251,,,,,,,solo and shared
63,5,sha256,262144,8,2138918,,,,,,,ContinuousBatches,2140092,2133099,,,,,,,2140092,,,,,,,solo and shared
64,0,sha256,1024,2048,2122072,,,,,,,ContinuousBatches,2129706,2127457,,,,,,,2129706,,,,,,,solo and shared
64,1,blake3-servil-mt,1024,2832,342062,,,,,,,ContinuousBatches,367237,367237,,,,,,,366076,,,,,,,solo and shared
64,2,sha256,262144,8,2070995,,,,,,,ContinuousBatches,2092110,2077235,,,,,,,2092110,,,,,,,solo and shared
64,3,blake3-servil-mt,262144,13,249336,,,,,,,ContinuousBatches,293210,290773,,,,,,,293210,,,,,,,solo and shared
64,4,sha256,1024,2117,1039016,,,,,,,ContinuousMessages,1019307,1018970,,,,,,,1019307,,,,,,,solo and shared
64,5,blake3-servil-mt,1024,2048,465817,,,,,,,ContinuousMessages,531447,467932,,,,,,,531447,,,,,,,solo and shared
65,0,blake3-servil-mt,262144,13,224454,,,,,,,ContinuousBatches,304856,304856,,,,,,,291802,,,,,,,solo and shared
65,1,sha256,262144,8,2240790,,,,,,,ContinuousBatches,2179050,2154924,,,,,,,2179050,,,,,,,solo and shared
65,2,blake3-servil-mt,1024,2048,286347,,,,,,,ContinuousMessages,446991,446991,,,,,,,422228,,,,,,,solo and shared
65,3,sha256,1024,2117,1006061,,,,,,,ContinuousMessages,998176,996468,,,,,,,998176,,,,,,,solo and shared
65,4,blake3-servil-mt,1024,2832,346345,,,,,,,ContinuousBatches,391254,391254,,,,,,,385491,,,,,,,solo and shared
65,5,sha256,1024,2048,2064525,,,,,,,ContinuousBatches,2104340,2043086,,,,,,,2104340,,,,,,,solo and shared
66,0,sha256,1024,2117,1017676,,,,,,,ContinuousMessages,996896,995860,,,,,,,996896,,,,,,,solo and shared
66,1,blake3-servil-mt,1024,2048,337370,,,,,,,ContinuousMessages,428393,428393,,,,,,,291581,,,,,,,solo and shared
66,2,sha256,1024,2048,2060435,,,,,,,ContinuousBatches,2046825,2046117,,,,,,,2046825,,,,,,,solo and shared
66,3,blake3-servil-mt,1024,2832,295663,,,,,,,ContinuousBatches,348524,348524,,,,,,,338068,,,,,,,solo and shared
66,4,sha256,262144,8,2062394,,,,,,,ContinuousBatches,2132076,2065405,,,,,,,2132076,,,,,,,solo and shared
66,5,blake3-servil-mt,262144,13,222990,,,,,,,ContinuousBatches,272115,272115,,,,,,,269706,,,,,,,solo and shared
67,0,blake3-servil-mt,1024,2832,299382,,,,,,,ContinuousBatches,326239,319102,,,,,,,326239,,,,,,,solo and shared
67,1,sha256,1024,2048,2116606,,,,,,,ContinuousBatches,3065965,3065519,,,,,,,3065965,,,,,,,solo and shared
67,2,blake3-servil-mt,262144,13,168644,,,,,,,ContinuousBatches,342802,329405,,,,,,,342802,,,,,,,solo and shared
67,3,sha256,262144,8,2069493,,,,,,,ContinuousBatches,2056239,2045330,,,,,,,2056239,,,,,,,solo and shared
67,4,blake3-servil-mt,1024,2048,256000,,,,,,,ContinuousMessages,390514,390514,,,,,,,389469,,,,,,,solo and shared
67,5,sha256,1024,2117,999556,,,,,,,ContinuousMessages,997323,997323,,,,,,,996296,,,,,,,solo and shared
68,0,sha256,262144,8,2102107,,,,,,,ContinuousBatches,2057114,2052916,,,,,,,2057114,,,,,,,solo and shared
68,1,blake3-servil-mt,262144,13,335984,,,,,,,ContinuousBatches,201729,201729,,,,,,,199132,,,,,,,solo and shared
68,2,sha256,1024,2117,1016882,,,,,,,ContinuousMessages,1017475,1017475,,,,,,,1016897,,,,,,,solo and shared
68,3,blake3-servil-mt,1024,2048,276598,,,,,,,ContinuousMessages,440931,438303,,,,,,,440931,,,,,,,solo and shared
68,4,sha256,1024,2048,2064011,,,,,,,ContinuousBatches,2042239,2042239,,,,,,,2041575,,,,,,,solo and shared
68,5,blake3-servil-mt,1024,2832,337513,,,,,,,ContinuousBatches,325406,325406,,,,,,,318660,,,,,,,solo and shared
69,0,blake3-servil-mt,1024,2048,319185,,,,,,,ContinuousMessages,443963,399877,,,,,,,443963,,,,,,,solo and shared
69,1,sha256,1024,2117,1009665,,,,,,,ContinuousMessages,995814,995814,,,,,,,995696,,,,,,,solo and shared
69,2,blake3-servil-mt,1024,2832,286339,,,,,,,ContinuousBatches,313957,313957,,,,,,,309518,,,,,,,solo and shared
69,3,sha256,1024,2048,2043426,,,,,,,ContinuousBatches,2039905,2036602,,,,,,,2039905,,,,,,,solo and shared
69,4,blake3-servil-mt,262144,13,205143,,,,,,,ContinuousBatches,268130,262275,,,,,,,268130,,,,,,,solo and shared
69,5,sha256,262144,8,2077642,,,,,,,ContinuousBatches,2089428,2089428,,,,,,,2084940,,,,,,,solo and shared
70,0,sha256,1024,2048,2041513,,,,,,,ContinuousBatches,2093871,2083829,,,,,,,2093871,,,,,,,solo and shared
70,1,blake3-servil-mt,1024,2832,316088,,,,,,,ContinuousBatches,297887,297887,,,,,,,293449,,,,,,,solo and shared
70,2,sha256,262144,8,2062061,,,,,,,ContinuousBatches,2070539,2064485,,,,,,,2070539,,,,,,,solo and shared
70,3,blake3-servil-mt,262144,13,279191,,,,,,,ContinuousBatches,344294,266008,,,,,,,344294,,,,,,,solo and shared
70,4,sha256,1024,2117,1002894,,,,,,,ContinuousMessages,999920,998973,,,,,,,999920,,,,,,,solo and shared
70,5,blake3-servil-mt,1024,2048,363299,,,,,,,ContinuousMessages,431197,431197,,,,,,,399102,,,,,,,solo and shared
71,0,blake3-servil-mt,262144,13,266812,,,,,,,ContinuousBatches,329886,329886,,,,,,,311100,,,,,,,solo and shared
71,1,sha256,262144,8,2171232,,,,,,,ContinuousBatches,2327469,2327469,,,,,,,2229636,,,,,,,solo and shared
71,2,blake3-servil-mt,1024,2048,327233,,,,,,,ContinuousMessages,470041,470041,,,,,,,469426,,,,,,,solo and shared
71,3,sha256,1024,2117,997418,,,,,,,ContinuousMessages,997321,997321,,,,,,,996674,,,,,,,solo and shared
71,4,blake3-servil-mt,1024,2832,367041,,,,,,,ContinuousBatches,473451,473451,,,,,,,409240,,,,,,,solo and shared
71,5,sha256,1024,2048,2041088,,,,,,,ContinuousBatches,2044220,2044220,,,,,,,2040847,,,,,,,solo and shared
72,0,sha256,1024,2117,994010,,,,,,,ContinuousMessages,1000769,1000769,,,,,,,999102,,,,,,,solo and shared
72,1,blake3-servil-mt,1024,2048,374184,,,,,,,ContinuousMessages,441009,441009,,,,,,,425141,,,,,,,solo and shared
72,2,sha256,1024,2048,2045022,,,,,,,ContinuousBatches,2067098,2067098,,,,,,,2040298,,,,,,,solo and shared
72,3,blake3-servil-mt,1024,2832,331762,,,,,,,ContinuousBatches,314242,314242,,,,,,,309611,,,,,,,solo and shared
72,4,sha256,262144,8,2063845,,,,,,,ContinuousBatches,2084501,2084146,,,,,,,2084501,,,,,,,solo and shared
72,5,blake3-servil-mt,262144,13,600436,,,,,,,ContinuousBatches,267939,267939,,,,,,,266492,,,,,,,solo and shared
73,0,blake3-servil-mt,1024,2832,301331,,,,,,,ContinuousBatches,308207,308207,,,,,,,293048,,,,,,,solo and shared
73,1,sha256,1024,2048,2110893,,,,,,,ContinuousBatches,2107466,2107466,,,,,,,2107130,,,,,,,solo and shared
73,2,blake3-servil-mt,262144,13,233613,,,,,,,ContinuousBatches,279273,272060,,,,,,,279273,,,,,,,solo and shared
73,3,sha256,262144,8,2101195,,,,,,,ContinuousBatches,2072878,2072878,,,,,,,2072072,,,,,,,solo and shared
73,4,blake3-servil-mt,1024,2048,354839,,,,,,,ContinuousMessages,488837,377858,,,,,,,488837,,,,,,,solo and shared
73,5,sha256,1024,2117,997268,,,,,,,ContinuousMessages,1000719,1000719,,,,,,,998686,,,,,,,solo and shared
74,0,sha256,262144,8,2075433,,,,,,,ContinuousBatches,2681924,2089782,,,,,,,2681924,,,,,,,solo and shared
74,1,blake3-servil-mt,262144,13,299282,,,,,,,ContinuousBatches,337328,335826,,,,,,,337328,,,,,,,solo and shared
74,2,sha256,1024,2117,1017542,,,,,,,ContinuousMessages,1017841,1017841,,,,,,,1016352,,,,,,,solo and shared
74,3,blake3-servil-mt,1024,2048,301158,,,,,,,ContinuousMessages,433586,395103,,,,,,,433586,,,,,,,solo and shared
74,4,sha256,1024,2048,2049994,,,,,,,ContinuousBatches,2106797,2065457,,,,,,,2106797,,,,,,,solo and shared
74,5,blake3-servil-mt,1024,2832,372764,,,,,,,ContinuousBatches,409363,395867,,,,,,,409363,,,,,,,solo and shared
75,0,blake3-servil-mt,1024,2048,330490,,,,,,,ContinuousMessages,404347,404347,,,,,,,383200,,,,,,,solo and shared
75,1,sha256,1024,2117,1039370,,,,,,,ContinuousMessages,1015939,1015398,,,,,,,1015939,,,,,,,solo and shared
75,2,blake3-servil-mt,1024,2832,315067,,,,,,,ContinuousBatches,322823,322823,,,,,,,314154,,,,,,,solo and shared
75,3,sha256,1024,2048,2015897,,,,,,,ContinuousBatches,2118081,2118081,,,,,,,2039562,,,,,,,solo and shared
75,4,blake3-servil-mt,262144,13,319709,,,,,,,ContinuousBatches,263434,259769,,,,,,,263434,,,,,,,solo and shared
75,5,sha256,262144,8,2110323,,,,,,,ContinuousBatches,2095735,2095735,,,,,,,2095634,,,,,,,solo and shared
76,0,sha256,1024,2048,2046732,,,,,,,ContinuousBatches,2082299,2081536,,,,,,,2082299,,,,,,,solo and shared
76,1,blake3-servil-mt,1024,2832,309543,,,,,,,ContinuousBatches,314211,314211,,,,,,,309610,,,,,,,solo and shared
76,2,sha256,262144,8,2125546,,,,,,,ContinuousBatches,2058859,2055242,,,,,,,2058859,,,,,,,solo and shared
76,3,blake3-servil-mt,262144,13,230924,,,,,,,ContinuousBatches,275159,275159,,,,,,,271863,,,,,,,solo and shared
76,4,sha256,1024,2117,1036431,,,,,,,ContinuousMessages,1038363,1038363,,,,,,,1037214,,,,,,,solo and shared
76,5,blake3-servil-mt,1024,2048,339360,,,,,,,ContinuousMessages,444107,444107,,,,,,,443769,,,,,,,solo and shared
77,0,blake3-servil-mt,262144,13,262102,,,,,,,ContinuousBatches,229868,220305,,,,,,,229868,,,,,,,solo and shared
77,1,sha256,262144,8,2166081,,,,,,,ContinuousBatches,2136653,2136653,,,,,,,2131466,,,,,,,solo and shared
77,2,blake3-servil-mt,1024,2048,311406,,,,,,,ContinuousMessages,574028,455802,,,,,,,574028,,,,,,,solo and shared
77,3,sha256,1024,2117,1002067,,,,,,,ContinuousMessages,997914,997914,,,,,,,996431,,,,,,,solo and shared
77,4,blake3-servil-mt,1024,2832,357294,,,,,,,ContinuousBatches,390878,374766,,,,,,,390878,,,,,,,solo and shared
77,5,sha256,1024,2048,2041540,,,,,,,ContinuousBatches,2044620,2044620,,,,,,,2038641,,,,,,,solo and shared
78,0,sha256,1024,2117,993284,,,,,,,ContinuousMessages,1041400,998122,,,,,,,1041400,,,,,,,solo and shared
78,1,blake3-servil-mt,1024,2048,348689,,,,,,,ContinuousMessages,412891,412891,,,,,,,412233,,,,,,,solo and shared
78,2,sha256,1024,2048,2040826,,,,,,,ContinuousBatches,2065600,2065600,,,,,,,2036975,,,,,,,solo and shared
78,3,blake3-servil-mt,1024,2832,312185,,,,,,,ContinuousBatches,334259,334259,,,,,,,324182,,,,,,,solo and shared
78,4,sha256,262144,8,2095263,,,,,,,ContinuousBatches,2097611,2091736,,,,,,,2097611,,,,,,,solo and shared
78,5,blake3-servil-mt,262144,13,450214,,,,,,,ContinuousBatches,254619,253285,,,,,,,254619,,,,,,,solo and shared
79,0,blake3-servil-mt,1024,2832,303433,,,,,,,ContinuousBatches,311324,311324,,,,,,,308131,,,,,,,solo and shared
79,1,sha256,1024,2048,2095330,,,,,,,ContinuousBatches,2082717,2080922,,,,,,,2082717,,,,,,,solo and shared
79,2,blake3-servil-mt,262144,13,224847,,,,,,,ContinuousBatches,250222,250222,,,,,,,249465,,,,,,,solo and shared
79,3,sha256,262144,8,2101056,,,,,,,ContinuousBatches,2131315,2085725,,,,,,,2131315,,,,,,,solo and shared
79,4,blake3-servil-mt,1024,2048,285645,,,,,,,ContinuousMessages,419987,419987,,,,,,,387267,,,,,,,solo and shared
79,5,sha256,1024,2117,993795,,,,,,,ContinuousMessages,996634,996634,,,,,,,996428,,,,,,,solo and shared
80,0,sha256,262144,8,2049880,,,,,,,ContinuousBatches,2057485,2048565,,,,,,,2057485,,,,,,,solo and shared
80,1,blake3-servil-mt,262144,13,219297,,,,,,,ContinuousBatches,256333,256206,,,,,,,256333,,,,,,,solo and shared
80,2,sha256,1024,2117,996778,,,,,,,ContinuousMessages,996671,994829,,,,,,,996671,,,,,,,solo and shared
80,3,blake3-servil-mt,1024,2048,268768,,,,,,,ContinuousMessages,423693,423693,,,,,,,400334,,,,,,,solo and shared
80,4,sha256,1024,2048,2046804,,,,,,,ContinuousBatches,2039470,2039106,,,,,,,2039470,,,,,,,solo and shared
80,5,blake3-servil-mt,1024,2832,321799,,,,,,,ContinuousBatches,319821,313707,,,,,,,319821,,,,,,,solo and shared
81,0,blake3-servil-mt,1024,2048,262320,,,,,,,ContinuousMessages,420971,393711,,,,,,,420971,,,,,,,solo and shared
81,1,sha256,1024,2117,1021878,,,,,,,ContinuousMessages,1017010,1016311,,,,,,,1017010,,,,,,,solo and shared
81,2,blake3-servil-mt,1024,2832,287174,,,,,,,ContinuousBatches,323518,323518,,,,,,,313570,,,,,,,solo and shared
81,3,sha256,1024,2048,2022273,,,,,,,ContinuousBatches,2041467,2041467,,,,,,,2039107,,,,,,,solo and shared
81,4,blake3-servil-mt,262144,13,274792,,,,,,,ContinuousBatches,247735,245621,,,,,,,247735,,,,,,,solo and shared
81,5,sha256,262144,8,2137255,,,,,,,ContinuousBatches,2139221,2139221,,,,,,,2137701,,,,,,,solo and shared
82,0,sha256,1024,2048,2082750,,,,,,,ContinuousBatches,2128469,2127235,,,,,,,2128469,,,,,,,solo and shared
82,1,blake3-servil-mt,1024,2832,304443,,,,,,,ContinuousBatches,326445,326445,,,,,,,312804,,,,,,,solo and shared
82,2,sha256,262144,8,2053910,,,,,,,ContinuousBatches,2054790,2053939,,,,,,,2054790,,,,,,,solo and shared
82,3,blake3-servil-mt,262144,13,211243,,,,,,,ContinuousBatches,244172,236304,,,,,,,244172,,,,,,,solo and shared
82,4,sha256,1024,2117,1035098,,,,,,,ContinuousMessages,1047417,1047417,,,,,,,1042171,,,,,,,solo and shared
82,5,blake3-servil-mt,1024,2048,222041,,,,,,,ContinuousMessages,494728,350499,,,,,,,494728,,,,,,,solo and shared
83,0,blake3-servil-mt,262144,13,239970,,,,,,,ContinuousBatches,240702,235117,,,,,,,240702,,,,,,,solo and shared
83,1,sha256,262144,8,2150599,,,,,,,ContinuousBatches,2117228,2106942,,,,,,,2117228,,,,,,,solo and shared
83,2,blake3-servil-mt,1024,2048,302313,,,,,,,ContinuousMessages,481468,481468,,,,,,,425692,,,,,,,solo and shared
83,3,sha256,1024,2117,1017126,,,,,,,ContinuousMessages,1044910,1044910,,,,,,,998791,,,,,,,solo and shared
83,4,blake3-servil-mt,1024,2832,340553,,,,,,,ContinuousBatches,420150,420150,,,,,,,406092,,,,,,,solo and shared
83,5,sha256,1024,2048,2080514,,,,,,,ContinuousBatches,2285031,2285031,,,,,,,2091253,,,,,,,solo and shared
84,0,sha256,1024,2117,994035,,,,,,,ContinuousMessages,1018000,1018000,,,,,,,1015586,,,,,,,solo and shared
84,1,blake3-servil-mt,1024,2048,275754,,,,,,,ContinuousMessages,429510,428857,,,,,,,429510,,,,,,,solo and shared
84,2,sha256,1024,2048,2046186,,,,,,,ContinuousBatches,2084770,2044743,,,,,,,2084770,,,,,,,solo and shared
84,3,blake3-servil-mt,1024,2832,346712,,,,,,,ContinuousBatches,382043,382043,,,,,,,358935,,,,,,,solo and shared
84,4,sha256,262144,8,2067367,,,,,,,ContinuousBatches,2065192,2065192,,,,,,,2065078,,,,,,,solo and shared
84,5,blake3-servil-mt,262144,13,316781,,,,,,,ContinuousBatches,263087,262571,,,,,,,263087,,,,,,,solo and shared
85,0,blake3-servil-mt,1024,2832,290457,,,,,,,ContinuousBatches,306145,299942,,,,,,,306145,,,,,,,solo and shared
85,1,sha256,1024,2048,2189739,,,,,,,ContinuousBatches,2133734,2133734,,,,,,,2126045,,,,,,,solo and shared
85,2,blake3-servil-mt,262144,13,186976,,,,,,,ContinuousBatches,253548,244507,,,,,,,253548,,,,,,,solo and shared
85,3,sha256,262144,8,2113833,,,,,,,ContinuousBatches,2097172,2096882,,,,,,,2097172,,,,,,,solo and shared
85,4,blake3-servil-mt,1024,2048,280149,,,,,,,ContinuousMessages,508521,505319,,,,,,,508521,,,,,,,solo and shared
85,5,sha256,1024,2117,996229,,,,,,,ContinuousMessages,999784,999784,,,,,,,996008,,,,,,,solo and shared
86,0,sha256,262144,8,2052875,,,,,,,ContinuousBatches,2055195,2055195,,,,,,,2053752,,,,,,,solo and shared
86,1,blake3-servil-mt,262144,13,312683,,,,,,,ContinuousBatches,207577,200607,,,,,,,207577,,,,,,,solo and shared
86,2,sha256,1024,2117,1019062,,,,,,,ContinuousMessages,1021309,1015572,,,,,,,1021309,,,,,,,solo and shared
86,3,blake3-servil-mt,1024,2048,285602,,,,,,,ContinuousMessages,444973,444973,,,,,,,427078,,,,,,,solo and shared
86,4,sha256,1024,2048,2052398,,,,,,,ContinuousBatches,2041063,2041063,,,,,,,2038003,,,,,,,solo and shared
86,5,blake3-servil-mt,1024,2832,332807,,,,,,,ContinuousBatches,331449,331449,,,,,,,311371,,,,,,,solo and shared
87,0,blake3-servil-mt,1024,2048,289990,,,,,,,ContinuousMessages,443817,443817,,,,,,,398578,,,,,,,solo and shared
87,1,sha256,1024,2117,1013163,,,,,,,ContinuousMessages,1016753,1016753,,,,,,,1015319,,,,,,,solo and shared
87,2,blake3-servil-mt,1024,2832,306699,,,,,,,ContinuousBatches,321563,321563,,,,,,,306300,,,,,,,solo and shared
87,3,sha256,1024,2048,2040162,,,,,,,ContinuousBatches,2041179,2041179,,,,,,,2040103,,,,,,,solo and shared
87,4,blake3-servil-mt,262144,13,211897,,,,,,,ContinuousBatches,255782,253176,,,,,,,255782,,,,,,,solo and shared
87,5,sha256,262144,8,2099787,,,,,,,ContinuousBatches,2094796,2094796,,,,,,,2091820,,,,,,,solo and shared
88,0,sha256,1024,2048,2042001,,,,,,,ContinuousBatches,2089851,2089851,,,,,,,2085143,,,,,,,solo and shared
88,1,blake3-servil-mt,1024,2832,311764,,,,,,,ContinuousBatches,320350,320350,,,,,,,308928,,,,,,,solo and shared
88,2,sha256,262144,8,2054791,,,,,,,ContinuousBatches,2104258,2104258,,,,,,,2054009,,,,,,,solo and shared
88,3,blake3-servil-mt,262144,13,343082,,,,,,,ContinuousBatches,209649,202652,,,,,,,209649,,,,,,,solo and shared
88,4,sha256,1024,2117,1035672,,,,,,,ContinuousMessages,1043627,1043627,,,,,,,1040594,,,,,,,solo and shared
88,5,blake3-servil-mt,1024,2048,247865,,,,,,,ContinuousMessages,432980,410960,,,,,,,432980,,,,,,,solo and shared
89,0,blake3-servil-mt,262144,13,231749,,,,,,,ContinuousBatches,237880,231565,,,,,,,237880,,,,,,,solo and shared
89,1,sha256,262144,8,2058749,,,,,,,ContinuousBatches,2097863,2097863,,,,,,,2093982,,,,,,,solo and shared
89,2,blake3-servil-mt,1024,2048,269126,,,,,,,ContinuousMessages,417805,417805,,,,,,,386661,,,,,,,solo and shared
89,3,sha256,1024,2117,1001470,,,,,,,ContinuousMessages,998134,997512,,,,,,,998134,,,,,,,solo and shared
89,4,blake3-servil-mt,1024,2832,370437,,,,,,,ContinuousBatches,382312,382312,,,,,,,378173,,,,,,,solo and shared
89,5,sha256,1024,2048,2089022,,,,,,,ContinuousBatches,2047999,2047827,,,,,,,2047999,,,,,,,solo and shared
90,0,sha256,1024,2117,1003939,,,,,,,ContinuousMessages,998820,998820,,,,,,,997795,,,,,,,solo and shared
90,1,blake3-servil-mt,1024,2048,416633,,,,,,,ContinuousMessages,457090,457090,,,,,,,453634,,,,,,,solo and shared
90,2,sha256,1024,2048,2048914,,,,,,,ContinuousBatches,2049696,2049696,,,,,,,2043431,,,,,,,solo and shared
90,3,blake3-servil-mt,1024,2832,362864,,,,,,,ContinuousBatches,435200,430311,,,,,,,435200,,,,,,,solo and shared
90,4,sha256,262144,8,2099671,,,,,,,ContinuousBatches,2150268,2150268,,,,,,,2106459,,,,,,,solo and shared
90,5,blake3-servil-mt,262144,13,239081,,,,,,,ContinuousBatches,298821,297220,,,,,,,298821,,,,,,,solo and shared
91,0,blake3-servil-mt,1024,2832,280679,,,,,,,ContinuousBatches,323045,289468,,,,,,,323045,,,,,,,solo and shared
91,1,sha256,1024,2048,2089955,,,,,,,ContinuousBatches,2127230,2127230,,,,,,,2126264,,,,,,,solo and shared
91,2,blake3-servil-mt,262144,13,398948,,,,,,,ContinuousBatches,220886,220886,,,,,,,214142,,,,,,,solo and shared
91,3,sha256,262144,8,2153738,,,,,,,ContinuousBatches,2122009,2122009,,,,,,,2116260,,,,,,,solo and shared
91,4,blake3-servil-mt,1024,2048,339742,,,,,,,ContinuousMessages,495259,495259,,,,,,,381244,,,,,,,solo and shared
91,5,sha256,1024,2117,995990,,,,,,,ContinuousMessages,999241,999241,,,,,,,998475,,,,,,,solo and shared
92,0,sha256,262144,8,2051136,,,,,,,ContinuousBatches,2052107,2046584,,,,,,,2052107,,,,,,,solo and shared
92,1,blake3-servil-mt,262144,13,210839,,,,,,,ContinuousBatches,323221,323221,,,,,,,312893,,,,,,,solo and shared
92,2,sha256,1024,2117,1027072,,,,,,,ContinuousMessages,1073767,1073767,,,,,,,1021478,,,,,,,solo and shared
92,3,blake3-servil-mt,1024,2048,438946,,,,,,,ContinuousMessages,418073,418073,,,,,,,410517,,,,,,,solo and shared
92,4,sha256,1024,2048,2043863,,,,,,,ContinuousBatches,2046282,2044715,,,,,,,2046282,,,,,,,solo and shared
92,5,blake3-servil-mt,1024,2832,333340,,,,,,,ContinuousBatches,328642,328642,,,,,,,324601,,,,,,,solo and shared
93,0,blake3-servil-mt,1024,2048,431828,,,,,,,ContinuousMessages,435845,392125,,,,,,,435845,,,,,,,solo and shared
93,1,sha256,1024,2117,1002882,,,,,,,ContinuousMessages,998011,998011,,,,,,,996886,,,,,,,solo and shared
93,2,blake3-servil-mt,1024,2832,317382,,,,,,,ContinuousBatches,312347,312347,,,,,,,309097,,,,,,,solo and shared
93,3,sha256,1024,2048,2039803,,,,,,,ContinuousBatches,2040337,2040337,,,,,,,2039658,,,,,,,solo and shared
93,4,blake3-servil-mt,262144,13,210397,,,,,,,ContinuousBatches,265973,260201,,,,,,,265973,,,,,,,solo and shared
93,5,sha256,262144,8,2130702,,,,,,,ContinuousBatches,2105144,2096212,,,,,,,2105144,,,,,,,solo and shared
94,0,sha256,1024,2048,2053327,,,,,,,ContinuousBatches,2085095,2085095,,,,,,,2083019,,,,,,,solo and shared
94,1,blake3-servil-mt,1024,2832,312797,,,,,,,ContinuousBatches,366285,366285,,,,,,,345329,,,,,,,solo and shared
94,2,sha256,262144,8,2059524,,,,,,,ContinuousBatches,2053462,2051658,,,,,,,2053462,,,,,,,solo and shared
94,3,blake3-servil-mt,262144,13,276981,,,,,,,ContinuousBatches,230974,230974,,,,,,,226416,,,,,,,solo and shared
94,4,sha256,1024,2117,1042087,,,,,,,ContinuousMessages,1038817,1037385,,,,,,,1038817,,,,,,,solo and shared
94,5,blake3-servil-mt,1024,2048,245467,,,,,,,ContinuousMessages,387285,387285,,,,,,,382181,,,,,,,solo and shared
95,0,blake3-servil-mt,262144,13,191303,,,,,,,ContinuousBatches,243959,243052,,,,,,,243959,,,,,,,solo and shared
95,1,sha256,262144,8,2130517,,,,,,,ContinuousBatches,2120346,2090400,,,,,,,2120346,,,,,,,solo and shared
95,2,blake3-servil-mt,1024,2048,318223,,,,,,,ContinuousMessages,439013,425829,,,,,,,439013,,,,,,,solo and shared
95,3,sha256,1024,2117,1002906,,,,,,,ContinuousMessages,1024173,1024173,,,,,,,999825,,,,,,,solo and shared
95,4,blake3-servil-mt,1024,2832,336706,,,,,,,ContinuousBatches,393890,388750,,,,,,,393890,,,,,,,solo and shared
95,5,sha256,1024,2048,2047036,,,,,,,ContinuousBatches,2063492,2062179,,,,,,,2063492,,,,,,,solo and shared
96,0,sha256,1024,2117,996445,,,,,,,ContinuousMessages,1019493,1019493,,,,,,,1018478,,,,,,,solo and shared
96,1,blake3-servil-mt,1024,2048,277084,,,,,,,ContinuousMessages,579976,579976,,,,,,,398480,,,,,,,solo and shared
96,2,sha256,1024,2048,2041211,,,,,,,ContinuousBatches,2098834,2059123,,,,,,,2098834,,,,,,,solo and shared
96,3,blake3-servil-mt,1024,2832,371582,,,,,,,ContinuousBatches,373272,373272,,,,,,,366955,,,,,,,solo and shared
96,4,sha256,262144,8,2079052,,,,,,,ContinuousBatches,2076831,2066213,,,,,,,2076831,,,,,,,solo and shared
96,5,blake3-servil-mt,262144,13,433343,,,,,,,ContinuousBatches,223426,220565,,,,,,,223426,,,,,,,solo and shared
97,0,blake3-servil-mt,1024,2832,276854,,,,,,,ContinuousBatches,381498,333032,,,,,,,381498,,,,,,,solo and shared
97,1,sha256,1024,2048,2122578,,,,,,,ContinuousBatches,2128110,2128110,,,,,,,2126612,,,,,,,solo and shared
97,2,blake3-servil-mt,262144,13,164338,,,,,,,ContinuousBatches,242088,236577,,,,,,,242088,,,,,,,solo and shared
97,3,sha256,262144,8,2063116,,,,,,,ContinuousBatches,2109983,2089100,,,,,,,2109983,,,,,,,solo and shared
97,4,blake3-servil-mt,1024,2048,367883,,,,,,,ContinuousMessages,406275,406275,,,,,,,368454,,,,,,,solo and shared
97,5,sha256,1024,2117,995588,,,,,,,ContinuousMessages,1000754,1000754,,,,,,,997799,,,,,,,solo and shared
98,0,sha256,262144,8,2066538,,,,,,,ContinuousBatches,2122926,2122926,,,,,,,2075984,,,,,,,solo and shared
98,1,blake3-servil-mt,262144,13,248354,,,,,,,ContinuousBatches,258879,258048,,,,,,,258879,,,,,,,solo and shared
98,2,sha256,1024,2117,1015797,,,,,,,ContinuousMessages,1025926,1025926,,,,,,,1024414,,,,,,,solo and shared
98,3,blake3-servil-mt,1024,2048,291339,,,,,,,ContinuousMessages,443319,443319,,,,,,,383686,,,,,,,solo and shared
98,4,sha256,1024,2048,2042278,,,,,,,ContinuousBatches,2047510,2047510,,,,,,,2046384,,,,,,,solo and shared
98,5,blake3-servil-mt,1024,2832,318088,,,,,,,ContinuousBatches,332912,327548,,,,,,,332912,,,,,,,solo and shared
99,0,blake3-servil-mt,1024,2048,308048,,,,,,,ContinuousMessages,448552,340235,,,,,,,448552,,,,,,,solo and shared
99,1,sha256,1024,2117,1019357,,,,,,,ContinuousMessages,1038927,1038135,,,,,,,1038927,,,,,,,solo and shared
99,2,blake3-servil-mt,1024,2832,291303,,,,,,,ContinuousBatches,397360,328249,,,,,,,397360,,,,,,,solo and shared
99,3,sha256,1024,2048,2048672,,,,,,,ContinuousBatches,2045125,2043380,,,,,,,2045125,,,,,,,solo and shared
99,4,blake3-servil-mt,262144,13,251125,,,,,,,ContinuousBatches,327191,327191,,,,,,,321883,,,,,,,solo and shared
99,5,sha256,262144,8,2058529,,,,,,,ContinuousBatches,2060470,2058093,,,,,,,2060470,,,,,,,solo and shared
100,0,sha256,1024,2048,2040682,,,,,,,ContinuousBatches,2043615,2040368,,,,,,,2043615,,,,,,,solo and shared
100,1,blake3-servil-mt,1024,2832,304553,,,,,,,ContinuousBatches,327854,320469,,,,,,,327854,,,,,,,solo and shared
100,2,sha256,262144,8,2016274,,,,,,,ContinuousBatches,3019639,3019639,,,,,,,3018259,,,,,,,solo and shared
100,3,blake3-servil-mt,262144,13,229372,,,,,,,ContinuousBatches,305764,305764,,,,,,,289144,,,,,,,solo and shared
100,4,sha256,1024,2117,1029757,,,,,,,ContinuousMessages,1018586,1014041,,,,,,,1018586,,,,,,,solo and shared
100,5,blake3-servil-mt,1024,2048,249575,,,,,,,ContinuousMessages,399944,387640,,,,,,,399944,,,,,,,solo and shared
101,0,blake3-servil-mt,262144,13,364279,,,,,,,ContinuousBatches,205137,196474,,,,,,,205137,,,,,,,solo and shared
101,1,sha256,262144,8,2106690,,,,,,,ContinuousBatches,2132015,2102286,,,,,,,2132015,,,,,,,solo and shared
101,2,blake3-servil-mt,1024,2048,305591,,,,,,,ContinuousMessages,406769,406769,,,,,,,401051,,,,,,,solo and shared
101,3,sha256,1024,2117,1004304,,,,,,,ContinuousMessages,999270,998514,,,,,,,999270,,,,,,,solo and shared
101,4,blake3-servil-mt,1024,2832,326719,,,,,,,ContinuousBatches,329488,329488,,,,,,,316941,,,,,,,solo and shared
101,5,sha256,1024,2048,2046932,,,,,,,ContinuousBatches,2083237,2080951,,,,,,,2083237,,,,,,,solo and shared
102,0,sha256,1024,2117,994258,,,,,,,ContinuousMessages,999639,999079,,,,,,,999639,,,,,,,solo and shared
102,1,blake3-servil-mt,1024,2048,349314,,,,,,,ContinuousMessages,405814,405814,,,,,,,395893,,,,,,,solo and shared
102,2,sha256,1024,2048,2058953,,,,,,,ContinuousBatches,2368371,2157147,,,,,,,2368371,,,,,,,solo and shared
102,3,blake3-servil-mt,1024,2832,441217,,,,,,,ContinuousBatches,863657,450266,,,,,,,863657,,,,,,,solo and shared
102,4,sha256,262144,8,2162589,,,,,,,ContinuousBatches,2103751,2103751,,,,,,,2103495,,,,,,,solo and shared
102,5,blake3-servil-mt,262144,13,249292,,,,,,,ContinuousBatches,318646,318646,,,,,,,256397,,,,,,,solo and shared
103,0,blake3-servil-mt,1024,2832,317524,,,,,,,ContinuousBatches,376616,354426,,,,,,,376616,,,,,,,solo and shared
103,1,sha256,1024,2048,2151490,,,,,,,ContinuousBatches,2108965,2097322,,,,,,,2108965,,,,,,,solo and shared
103,2,blake3-servil-mt,262144,13,192403,,,,,,,ContinuousBatches,273234,216224,,,,,,,273234,,,,,,,solo and shared
103,3,sha256,262144,8,2056935,,,,,,,ContinuousBatches,2093557,2070240,,,,,,,2093557,,,,,,,solo and shared
103,4,blake3-servil-mt,1024,2048,294591,,,,,,,ContinuousMessages,439156,439156,,,,,,,417109,,,,,,,solo and shared
103,5,sha256,1024,2117,1003178,,,,,,,ContinuousMessages,1010014,1001620,,,,,,,1010014,,,,,,,solo and shared
104,0,sha256,262144,8,2055278,,,,,,,ContinuousBatches,2439529,2439529,,,,,,,2054773,,,,,,,solo and shared
104,1,blake3-servil-mt,262144,13,204249,,,,,,,ContinuousBatches,271795,271795,,,,,,,268849,,,,,,,solo and shared
104,2,sha256,1024,2117,1015298,,,,,,,ContinuousMessages,1015903,1015903,,,,,,,1015863,,,,,,,solo and shared
104,3,blake3-servil-mt,1024,2048,360746,,,,,,,ContinuousMessages,424373,405423,,,,,,,424373,,,,,,,solo and shared
104,4,sha256,1024,2048,2091328,,,,,,,ContinuousBatches,2071923,2071923,,,,,,,2045756,,,,,,,solo and shared
104,5,blake3-servil-mt,1024,2832,315873,,,,,,,ContinuousBatches,442844,327793,,,,,,,442844,,,,,,,solo and shared
105,0,blake3-servil-mt,1024,2048,372829,,,,,,,ContinuousMessages,365123,329786,,,,,,,365123,,,,,,,solo and shared
105,1,sha256,1024,2117,1003715,,,,,,,ContinuousMessages,1018026,1017147,,,,,,,1018026,,,,,,,solo and shared
105,2,blake3-servil-mt,1024,2832,300996,,,,,,,ContinuousBatches,315400,314858,,,,,,,315400,,,,,,,solo and shared
105,3,sha256,1024,2048,2042503,,,,,,,ContinuousBatches,2042409,2039589,,,,,,,2042409,,,,,,,solo and shared
105,4,blake3-servil-mt,262144,13,313084,,,,,,,ContinuousBatches,258794,258177,,,,,,,258794,,,,,,,solo and shared
105,5,sha256,262144,8,2123434,,,,,,,ContinuousBatches,2109294,2105881,,,,,,,2109294,,,,,,,solo and shared
106,0,sha256,1024,2048,2052945,,,,,,,ContinuousBatches,2089905,2088708,,,,,,,2089905,,,,,,,solo and shared
106,1,blake3-servil-mt,1024,2832,312635,,,,,,,ContinuousBatches,330553,320643,,,,,,,330553,,,,,,,solo and shared
106,2,sha256,262144,8,2018004,,,,,,,ContinuousBatches,2053312,2053025,,,,,,,2053312,,,,,,,solo and shared
106,3,blake3-servil-mt,262144,13,323556,,,,,,,ContinuousBatches,206350,206350,,,,,,,204839,,,,,,,solo and shared
106,4,sha256,1024,2117,1040741,,,,,,,ContinuousMessages,1039303,1038037,,,,,,,1039303,,,,,,,solo and shared
106,5,blake3-servil-mt,1024,2048,256902,,,,,,,ContinuousMessages,429207,429207,,,,,,,372309,,,,,,,solo and shared
107,0,blake3-servil-mt,262144,13,190346,,,,,,,ContinuousBatches,245851,239293,,,,,,,245851,,,,,,,solo and shared
107,1,sha256,262144,8,2129842,,,,,,,ContinuousBatches,2129874,2087476,,,,,,,2129874,,,,,,,solo and shared
107,2,blake3-servil-mt,1024,2048,304283,,,,,,,ContinuousMessages,502670,502670,,,,,,,351983,,,,,,,solo and shared
107,3,sha256,1024,2117,994549,,,,,,,ContinuousMessages,996996,996996,,,,,,,996845,,,,,,,solo and shared
107,4,blake3-servil-mt,1024,2832,310196,,,,,,,ContinuousBatches,362317,362317,,,,,,,324316,,,,,,,solo and shared
107,5,sha256,1024,2048,2081429,,,,,,,ContinuousBatches,2043853,2042678,,,,,,,2043853,,,,,,,solo and shared
108,0,sha256,1024,2117,995955,,,,,,,ContinuousMessages,1001258,999686,,,,,,,1001258,,,,,,,solo and shared
108,1,blake3-servil-mt,1024,2048,294724,,,,,,,ContinuousMessages,477224,477224,,,,,,,416706,,,,,,,solo and shared
108,2,sha256,1024,2048,2036488,,,,,,,ContinuousBatches,2047963,2047963,,,,,,,2046124,,,,,,,solo and shared
108,3,blake3-servil-mt,1024,2832,319603,,,,,,,ContinuousBatches,428174,428174,,,,,,,424942,,,,,,,solo and shared
108,4,sha256,262144,8,2704078,,,,,,,ContinuousBatches,2142306,2142306,,,,,,,2119002,,,,,,,solo and shared
108,5,blake3-servil-mt,262144,13,246609,,,,,,,ContinuousBatches,299275,299275,,,,,,,293103,,,,,,,solo and shared
109,0,blake3-servil-mt,1024,2832,335124,,,,,,,ContinuousBatches,390584,383049,,,,,,,390584,,,,,,,solo and shared
109,1,sha256,1024,2048,2061132,,,,,,,ContinuousBatches,2040280,2038898,,,,,,,2040280,,,,,,,solo and shared
109,2,blake3-servil-mt,262144,13,223359,,,,,,,ContinuousBatches,273328,272707,,,,,,,273328,,,,,,,solo and shared
109,3,sha256,262144,8,2070897,,,,,,,ContinuousBatches,2067741,2060022,,,,,,,2067741,,,,,,,solo and shared
109,4,blake3-servil-mt,1024,2048,301636,,,,,,,ContinuousMessages,516378,516378,,,,,,,400655,,,,,,,solo and shared
109,5,sha256,1024,2117,994276,,,,,,,ContinuousMessages,998005,998005,,,,,,,997063,,,,,,,solo and shared
110,0,sha256,262144,8,2151895,,,,,,,ContinuousBatches,2082754,2082754,,,,,,,2062656,,,,,,,solo and shared
110,1,blake3-servil-mt,262144,13,384431,,,,,,,ContinuousBatches,221913,221913,,,,,,,192436,,,,,,,solo and shared
110,2,sha256,1024,2117,1040879,,,,,,,ContinuousMessages,1042852,1039207,,,,,,,1042852,,,,,,,solo and shared
110,3,blake3-servil-mt,1024,2048,295497,,,,,,,ContinuousMessages,457667,437903,,,,,,,457667,,,,,,,solo and shared
110,4,sha256,1024,2048,2090405,,,,,,,ContinuousBatches,2121948,2121948,,,,,,,2099330,,,,,,,solo and shared
110,5,blake3-servil-mt,1024,2832,328306,,,,,,,ContinuousBatches,353327,353327,,,,,,,343522,,,,,,,solo and shared
111,0,blake3-servil-mt,1024,2048,339444,,,,,,,ContinuousMessages,427495,397498,,,,,,,427495,,,,,,,solo and shared
111,1,sha256,1024,2117,1016381,,,,,,,ContinuousMessages,1015159,1014933,,,,,,,1015159,,,,,,,solo and shared
111,2,blake3-servil-mt,1024,2832,302704,,,,,,,ContinuousBatches,313540,306100,,,,,,,313540,,,,,,,solo and shared
111,3,sha256,1024,2048,2047373,,,,,,,ContinuousBatches,2041326,2041326,,,,,,,2039467,,,,,,,solo and shared
111,4,blake3-servil-mt,262144,13,280091,,,,,,,ContinuousBatches,318904,303821,,,,,,,318904,,,,,,,solo and shared
111,5,sha256,262144,8,2107314,,,,,,,ContinuousBatches,2095779,2091560,,,,,,,2095779,,,,,,,solo and shared
112,0,sha256,1024,2048,2076555,,,,,,,ContinuousBatches,2169556,2125374,,,,,,,2169556,,,,,,,solo and shared
112,1,blake3-servil-mt,1024,2832,308598,,,,,,,ContinuousBatches,321509,321085,,,,,,,321509,,,,,,,solo and shared
112,2,sha256,262144,8,2024941,,,,,,,ContinuousBatches,2077048,2077048,,,,,,,2054253,,,,,,,solo and shared
112,3,blake3-servil-mt,262144,13,402976,,,,,,,ContinuousBatches,236904,236904,,,,,,,234518,,,,,,,solo and shared
112,4,sha256,1024,2117,1034282,,,,,,,ContinuousMessages,1038704,1037522,,,,,,,1038704,,,,,,,solo and shared
112,5,blake3-servil-mt,1024,2048,247262,,,,,,,ContinuousMessages,442344,440779,,,,,,,442344,,,,,,,solo and shared
113,0,blake3-servil-mt,262144,13,197596,,,,,,,ContinuousBatches,214809,207663,,,,,,,214809,,,,,,,solo and shared
113,1,sha256,262144,8,2099197,,,,,,,ContinuousBatches,2094503,2094503,,,,,,,2094207,,,,,,,solo and shared
113,2,blake3-servil-mt,1024,2048,313945,,,,,,,ContinuousMessages,552033,339849,,,,,,,552033,,,,,,,solo and shared
113,3,sha256,1024,2117,994238,,,,,,,ContinuousMessages,1019368,995045,,,,,,,1019368,,,,,,,solo and shared
113,4,blake3-servil-mt,1024,2832,306977,,,,,,,ContinuousBatches,347694,347694,,,,,,,329186,,,,,,,solo and shared
113,5,sha256,1024,2048,2042074,,,,,,,ContinuousBatches,2112776,2050708,,,,,,,2112776,,,,,,,solo and shared
114,0,sha256,1024,2117,997972,,,,,,,ContinuousMessages,1037089,1037089,,,,,,,1016963,,,,,,,solo and shared
114,1,blake3-servil-mt,1024,2048,307445,,,,,,,ContinuousMessages,453381,453381,,,,,,,404699,,,,,,,solo and shared
114,2,sha256,1024,2048,2040870,,,,,,,ContinuousBatches,2046272,2044465,,,,,,,2046272,,,,,,,solo and shared
114,3,blake3-servil-mt,1024,2832,361105,,,,,,,ContinuousBatches,390675,382431,,,,,,,390675,,,,,,,solo and shared
114,4,sha256,262144,8,2071246,,,,,,,ContinuousBatches,2143463,2143463,,,,,,,2089597,,,,,,,solo and shared
114,5,blake3-servil-mt,262144,13,277642,,,,,,,ContinuousBatches,415293,415293,,,,,,,391155,,,,,,,solo and shared
115,0,blake3-servil-mt,1024,2832,338813,,,,,,,ContinuousBatches,415201,415201,,,,,,,403833,,,,,,,solo and shared
115,1,sha256,1024,2048,2094125,,,,,,,ContinuousBatches,2312876,2312876,,,,,,,2086943,,,,,,,solo and shared
115,2,blake3-servil-mt,262144,13,241406,,,,,,,ContinuousBatches,321931,316819,,,,,,,321931,,,,,,,solo and shared
115,3,sha256,262144,8,2110869,,,,,,,ContinuousBatches,2080777,2073751,,,,,,,2080777,,,,,,,solo and shared
115,4,blake3-servil-mt,1024,2048,335074,,,,,,,ContinuousMessages,446243,444871,,,,,,,446243,,,,,,,solo and shared
115,5,sha256,1024,2117,997212,,,,,,,ContinuousMessages,997456,996491,,,,,,,997456,,,,,,,solo and shared
116,0,sha256,262144,8,2053125,,,,,,,ContinuousBatches,2064477,2053730,,,,,,,2064477,,,,,,,solo and shared
116,1,blake3-servil-mt,262144,13,307004,,,,,,,ContinuousBatches,224557,222709,,,,,,,224557,,,,,,,solo and shared
116,2,sha256,1024,2117,1022802,,,,,,,ContinuousMessages,1017455,1017036,,,,,,,1017455,,,,,,,solo and shared
116,3,blake3-servil-mt,1024,2048,282054,,,,,,,ContinuousMessages,441608,391597,,,,,,,441608,,,,,,,solo and shared
116,4,sha256,1024,2048,2042146,,,,,,,ContinuousBatches,2041032,2041032,,,,,,,2039135,,,,,,,solo and shared
116,5,blake3-servil-mt,1024,2832,320808,,,,,,,ContinuousBatches,399213,399213,,,,,,,390222,,,,,,,solo and shared
117,0,blake3-servil-mt,1024,2048,309038,,,,,,,ContinuousMessages,408560,407885,,,,,,,408560,,,,,,,solo and shared
117,1,sha256,1024,2117,1014089,,,,,,,ContinuousMessages,995394,995394,,,,,,,994940,,,,,,,solo and shared
117,2,blake3-servil-mt,1024,2832,298944,,,,,,,ContinuousBatches,332981,324889,,,,,,,332981,,,,,,,solo and shared
117,3,sha256,1024,2048,2039835,,,,,,,ContinuousBatches,2042602,2042602,,,,,,,2040715,,,,,,,solo and shared
117,4,blake3-servil-mt,262144,13,484782,,,,,,,ContinuousBatches,234317,229791,,,,,,,234317,,,,,,,solo and shared
117,5,sha256,262144,8,2104442,,,,,,,ContinuousBatches,2105348,2096958,,,,,,,2105348,,,,,,,solo and shared
118,0,sha256,1024,2048,2037436,,,,,,,ContinuousBatches,2090029,2090029,,,,,,,2086490,,,,,,,solo and shared
118,1,blake3-servil-mt,1024,2832,287797,,,,,,,ContinuousBatches,318623,318623,,,,,,,309035,,,,,,,solo and shared
118,2,sha256,262144,8,2060027,,,,,,,ContinuousBatches,2110795,2098865,,,,,,,2110795,,,,,,,solo and shared
118,3,blake3-servil-mt,262144,13,233204,,,,,,,ContinuousBatches,259644,229059,,,,,,,259644,,,,,,,solo and shared
118,4,sha256,1024,2117,1025717,,,,,,,ContinuousMessages,1039026,1038768,,,,,,,1039026,,,,,,,solo and shared
118,5,blake3-servil-mt,1024,2048,248645,,,,,,,ContinuousMessages,372701,372701,,,,,,,366242,,,,,,,solo and shared
119,0,blake3-servil-mt,262144,13,177501,,,,,,,ContinuousBatches,195902,192126,,,,,,,195902,,,,,,,solo and shared
119,1,sha256,262144,8,2088897,,,,,,,ContinuousBatches,2050893,2050893,,,,,,,2045487,,,,,,,solo and shared
119,2,blake3-servil-mt,1024,2048,363896,,,,,,,ContinuousMessages,387067,387067,,,,,,,381248,,,,,,,solo and shared
119,3,sha256,1024,2117,1003821,,,,,,,ContinuousMessages,996436,996368,,,,,,,996436,,,,,,,solo and shared
119,4,blake3-servil-mt,1024,2832,377965,,,,,,,ContinuousBatches,317940,305775,,,,,,,317940,,,,,,,solo and shared
119,5,sha256,1024,2048,2044239,,,,,,,ContinuousBatches,2038866,2037540,,,,,,,2038866,,,,,,,solo and shared
