contender,length,sample,blocks,calls,hashes_per_block,completed_hashes,wall_ns,p_cycles,p_instructions,p_time_ns,e_cycles,e_instructions,e_time_ns
sha256,64,0,323,32300,100,32300,1989448,,,,,,
sha256,64,1,323,32300,100,32300,1990267,,,,,,
sha256,64,2,323,32300,100,32300,2001124,,,,,,
sha256,64,3,323,32300,100,32300,1995347,,,,,,
sha256,64,4,323,32300,100,32300,1990441,,,,,,
sha256,64,5,323,32300,100,32300,1988409,,,,,,
sha256,64,6,323,32300,100,32300,1988992,,,,,,
sha256,64,7,323,32300,100,32300,1991641,,,,,,
sha256,64,8,323,32300,100,32300,2004943,,,,,,
sha256,64,9,323,32300,100,32300,1986117,,,,,,
sha256,64,10,323,32300,100,32300,1984012,,,,,,
sha256,64,11,323,32300,100,32300,1983453,,,,,,
sha256,64,12,323,32300,100,32300,1983728,,,,,,
sha256,64,13,323,32300,100,32300,1983641,,,,,,
sha256,64,14,323,32300,100,32300,1987208,,,,,,
sha256,64,15,323,32300,100,32300,1987384,,,,,,
sha256,64,16,323,32300,100,32300,1987538,,,,,,
sha256,64,17,323,32300,100,32300,1984600,,,,,,
sha256,64,18,323,32300,100,32300,1983205,,,,,,
sha256,64,19,323,32300,100,32300,1983083,,,,,,
sha256,64,20,323,32300,100,32300,1983718,,,,,,
sha256,64,21,323,32300,100,32300,1984931,,,,,,
sha256,64,22,323,32300,100,32300,1983656,,,,,,
sha256,64,23,323,32300,100,32300,1983521,,,,,,
sha256,64,24,323,32300,100,32300,1984571,,,,,,
sha256,64,25,323,32300,100,32300,1993418,,,,,,
sha256,64,26,323,32300,100,32300,1982976,,,,,,
sha256,64,27,323,32300,100,32300,1982851,,,,,,
sha256,64,28,323,32300,100,32300,1983116,,,,,,
sha256,64,29,323,32300,100,32300,1983247,,,,,,
sha256,64,30,323,32300,100,32300,1987437,,,,,,
sha256,64,31,323,32300,100,32300,2011147,,,,,,
sha256,64,32,323,32300,100,32300,2025122,,,,,,
sha256,64,33,323,32300,100,32300,2029461,,,,,,
sha256,64,34,323,32300,100,32300,2028639,,,,,,
sha256,64,35,323,32300,100,32300,2048884,,,,,,
sha256,64,36,323,32300,100,32300,2051504,,,,,,
sha256,64,37,323,32300,100,32300,2054777,,,,,,
sha256,64,38,323,32300,100,32300,2023980,,,,,,
sha256,64,39,323,32300,100,32300,2022316,,,,,,
sha256,64,40,323,32300,100,32300,2013838,,,,,,
sha256,64,41,323,32300,100,32300,1990582,,,,,,
sha256,64,42,323,32300,100,32300,1984938,,,,,,
sha256,64,43,323,32300,100,32300,1985044,,,,,,
sha256,64,44,323,32300,100,32300,2008052,,,,,,
sha256,64,45,323,32300,100,32300,1984944,,,,,,
sha256,64,46,323,32300,100,32300,1987678,,,,,,
sha256,64,47,323,32300,100,32300,1984600,,,,,,
sha256,64,48,323,32300,100,32300,1988205,,,,,,
sha256,64,49,323,32300,100,32300,1987342,,,,,,
sha256,64,50,323,32300,100,32300,1985507,,,,,,
sha256,64,51,323,32300,100,32300,1984610,,,,,,
sha256,64,52,323,32300,100,32300,1988841,,,,,,
sha256,64,53,323,32300,100,32300,2027630,,,,,,
sha256,64,54,323,32300,100,32300,1984540,,,,,,
sha256,64,55,323,32300,100,32300,1986129,,,,,,
sha256,64,56,323,32300,100,32300,1984177,,,,,,
sha256,64,57,323,32300,100,32300,1984533,,,,,,
sha256,64,58,323,32300,100,32300,1984371,,,,,,
sha256,64,59,323,32300,100,32300,1984031,,,,,,
sha256,64,60,323,32300,100,32300,1984501,,,,,,
sha256,64,61,323,32300,100,32300,1988551,,,,,,
sha256,64,62,323,32300,100,32300,1984099,,,,,,
sha256,64,63,323,32300,100,32300,1983779,,,,,,
sha256,64,64,323,32300,100,32300,1987283,,,,,,
sha256,64,65,323,32300,100,32300,1985004,,,,,,
sha256,64,66,323,32300,100,32300,1987567,,,,,,
sha256,64,67,323,32300,100,32300,1985127,,,,,,
sha256,64,68,323,32300,100,32300,1985087,,,,,,
sha256,64,69,323,32300,100,32300,1991273,,,,,,
sha256,64,70,323,32300,100,32300,1984926,,,,,,
sha256,64,71,323,32300,100,32300,2021863,,,,,,
sha256,64,72,323,32300,100,32300,2026218,,,,,,
sha256,64,73,323,32300,100,32300,2030652,,,,,,
sha256,64,74,323,32300,100,32300,2027937,,,,,,
sha256,64,75,323,32300,100,32300,2034530,,,,,,
sha256,64,76,323,32300,100,32300,2007479,,,,,,
sha256,64,77,323,32300,100,32300,2001161,,,,,,
sha256,64,78,323,32300,100,32300,2027105,,,,,,
sha256,64,79,323,32300,100,32300,2025798,,,,,,
sha256,64,80,323,32300,100,32300,2024745,,,,,,
sha256,64,81,323,32300,100,32300,2026018,,,,,,
sha256,64,82,323,32300,100,32300,2026331,,,,,,
sha256,64,83,323,32300,100,32300,2026204,,,,,,
sha256,64,84,323,32300,100,32300,2023752,,,,,,
sha256,64,85,323,32300,100,32300,2024296,,,,,,
sha256,64,86,323,32300,100,32300,2024927,,,,,,
sha256,64,87,323,32300,100,32300,2025253,,,,,,
sha256,64,88,323,32300,100,32300,2024382,,,,,,
sha256,64,89,323,32300,100,32300,2031444,,,,,,
sha256,64,90,323,32300,100,32300,2025549,,,,,,
sha256,64,91,323,32300,100,32300,2025700,,,,,,
sha256,64,92,323,32300,100,32300,2025595,,,,,,
sha256,64,93,323,32300,100,32300,2025887,,,,,,
sha256,64,94,323,32300,100,32300,2025455,,,,,,
sha256,64,95,323,32300,100,32300,2025463,,,,,,
sha256,64,96,323,32300,100,32300,2025485,,,,,,
sha256,64,97,323,32300,100,32300,2025616,,,,,,
sha256,64,98,323,32300,100,32300,2027332,,,,,,
sha256,64,99,323,32300,100,32300,2025993,,,,,,
sha256,64,100,323,32300,100,32300,2026362,,,,,,
sha256,64,101,323,32300,100,32300,2026310,,,,,,
sha256,64,102,323,32300,100,32300,2025984,,,,,,
sha256,64,103,323,32300,100,32300,2025034,,,,,,
sha256,64,104,323,32300,100,32300,2025256,,,,,,
sha256,64,105,323,32300,100,32300,2025695,,,,,,
sha256,64,106,323,32300,100,32300,2025713,,,,,,
sha256,64,107,323,32300,100,32300,2025268,,,,,,
sha256,64,108,323,32300,100,32300,2024102,,,,,,
sha256,64,109,323,32300,100,32300,2024695,,,,,,
sha256,64,110,323,32300,100,32300,2025188,,,,,,
sha256,64,111,323,32300,100,32300,2025479,,,,,,
sha256,64,112,323,32300,100,32300,2024569,,,,,,
sha256,64,113,323,32300,100,32300,2025026,,,,,,
sha256,64,114,323,32300,100,32300,2022162,,,,,,
sha256,64,115,323,32300,100,32300,2017099,,,,,,
sha256,64,116,323,32300,100,32300,1989746,,,,,,
sha256,64,117,323,32300,100,32300,1992113,,,,,,
sha256,64,118,323,32300,100,32300,1986375,,,,,,
sha256,64,119,323,32300,100,32300,2028332,,,,,,
sha256,64,120,323,32300,100,32300,1998371,,,,,,
sha256,64,121,323,32300,100,32300,1995259,,,,,,
sha256,64,122,323,32300,100,32300,1984377,,,,,,
sha256,64,123,323,32300,100,32300,2016769,,,,,,
sha256,64,124,323,32300,100,32300,2028637,,,,,,
sha256,64,125,323,32300,100,32300,2029536,,,,,,
sha256,64,126,323,32300,100,32300,2005729,,,,,,
sha256,64,127,323,32300,100,32300,2018604,,,,,,
sha256,2048,0,23,2300,100,2300,2017018,,,,,,
sha256,2048,1,23,2300,100,2300,2016323,,,,,,
sha256,2048,2,23,2300,100,2300,2016960,,,,,,
sha256,2048,3,23,2300,100,2300,2016429,,,,,,
sha256,2048,4,23,2300,100,2300,2016834,,,,,,
sha256,2048,5,23,2300,100,2300,2015774,,,,,,
sha256,2048,6,23,2300,100,2300,2021982,,,,,,
sha256,2048,7,23,2300,100,2300,2017016,,,,,,
sha256,2048,8,23,2300,100,2300,2017213,,,,,,
sha256,2048,9,23,2300,100,2300,2013403,,,,,,
sha256,2048,10,23,2300,100,2300,2011195,,,,,,
sha256,2048,11,23,2300,100,2300,2013886,,,,,,
sha256,2048,12,23,2300,100,2300,2014498,,,,,,
sha256,2048,13,23,2300,100,2300,2011207,,,,,,
sha256,2048,14,23,2300,100,2300,2011981,,,,,,
sha256,2048,15,23,2300,100,2300,2019264,,,,,,
sha256,2048,16,23,2300,100,2300,2011136,,,,,,
sha256,2048,17,23,2300,100,2300,2011152,,,,,,
sha256,2048,18,23,2300,100,2300,2011148,,,,,,
sha256,2048,19,23,2300,100,2300,2011027,,,,,,
sha256,2048,20,23,2300,100,2300,2011063,,,,,,
sha256,2048,21,23,2300,100,2300,2015217,,,,,,
sha256,2048,22,23,2300,100,2300,2050744,,,,,,
sha256,2048,23,23,2300,100,2300,2060649,,,,,,
sha256,2048,24,23,2300,100,2300,2054538,,,,,,
sha256,2048,25,23,2300,100,2300,2062681,,,,,,
sha256,2048,26,23,2300,100,2300,2038858,,,,,,
sha256,2048,27,23,2300,100,2300,2038241,,,,,,
sha256,2048,28,23,2300,100,2300,2013738,,,,,,
sha256,2048,29,23,2300,100,2300,2011069,,,,,,
sha256,2048,30,23,2300,100,2300,2011198,,,,,,
sha256,2048,31,23,2300,100,2300,2028062,,,,,,
sha256,2048,32,23,2300,100,2300,2014301,,,,,,
sha256,2048,33,23,2300,100,2300,2014442,,,,,,
sha256,2048,34,23,2300,100,2300,2013960,,,,,,
sha256,2048,35,23,2300,100,2300,2014038,,,,,,
sha256,2048,36,23,2300,100,2300,2022984,,,,,,
sha256,2048,37,23,2300,100,2300,2020184,,,,,,
sha256,2048,38,23,2300,100,2300,2011326,,,,,,
sha256,2048,39,23,2300,100,2300,2013857,,,,,,
sha256,2048,40,23,2300,100,2300,2011037,,,,,,
sha256,2048,41,23,2300,100,2300,2011052,,,,,,
sha256,2048,42,23,2300,100,2300,2011087,,,,,,
sha256,2048,43,23,2300,100,2300,2011049,,,,,,
sha256,2048,44,23,2300,100,2300,2011100,,,,,,
sha256,2048,45,23,2300,100,2300,2010965,,,,,,
sha256,2048,46,23,2300,100,2300,2010953,,,,,,
sha256,2048,47,23,2300,100,2300,2011955,,,,,,
sha256,2048,48,23,2300,100,2300,2013893,,,,,,
sha256,2048,49,23,2300,100,2300,2011036,,,,,,
sha256,2048,50,23,2300,100,2300,2011164,,,,,,
sha256,2048,51,23,2300,100,2300,2011068,,,,,,
sha256,2048,52,23,2300,100,2300,2010928,,,,,,
sha256,2048,53,23,2300,100,2300,2012972,,,,,,
sha256,2048,54,23,2300,100,2300,2011268,,,,,,
sha256,2048,55,23,2300,100,2300,2082110,,,,,,
sha256,2048,56,23,2300,100,2300,2021188,,,,,,
sha256,2048,57,23,2300,100,2300,2015092,,,,,,
sha256,2048,58,23,2300,100,2300,2011254,,,,,,
sha256,2048,59,23,2300,100,2300,2013306,,,,,,
sha256,2048,60,23,2300,100,2300,2014309,,,,,,
sha256,2048,61,23,2300,100,2300,2047248,,,,,,
sha256,2048,62,23,2300,100,2300,2052369,,,,,,
sha256,2048,63,23,2300,100,2300,2055547,,,,,,
sha256,2048,64,23,2300,100,2300,2053344,,,,,,
sha256,2048,65,23,2300,100,2300,2025358,,,,,,
sha256,2048,66,23,2300,100,2300,2015090,,,,,,
sha256,2048,67,23,2300,100,2300,2021015,,,,,,
sha256,2048,68,23,2300,100,2300,2011066,,,,,,
sha256,2048,69,23,2300,100,2300,2011964,,,,,,
sha256,2048,70,23,2300,100,2300,2012160,,,,,,
sha256,2048,71,23,2300,100,2300,2011067,,,,,,
sha256,2048,72,23,2300,100,2300,2018549,,,,,,
sha256,2048,73,23,2300,100,2300,2014112,,,,,,
sha256,2048,74,23,2300,100,2300,2014539,,,,,,
sha256,2048,75,23,2300,100,2300,2011308,,,,,,
sha256,2048,76,23,2300,100,2300,2014443,,,,,,
sha256,2048,77,23,2300,100,2300,2011518,,,,,,
sha256,2048,78,23,2300,100,2300,2011342,,,,,,
sha256,2048,79,23,2300,100,2300,2013302,,,,,,
sha256,2048,80,23,2300,100,2300,2011550,,,,,,
sha256,2048,81,23,2300,100,2300,2013821,,,,,,
sha256,2048,82,23,2300,100,2300,2011261,,,,,,
sha256,2048,83,23,2300,100,2300,2011079,,,,,,
sha256,2048,84,23,2300,100,2300,2013546,,,,,,
sha256,2048,85,23,2300,100,2300,2011111,,,,,,
sha256,2048,86,23,2300,100,2300,2018635,,,,,,
sha256,2048,87,23,2300,100,2300,2011081,,,,,,
sha256,2048,88,23,2300,100,2300,2011007,,,,,,
sha256,2048,89,23,2300,100,2300,2040404,,,,,,
sha256,2048,90,23,2300,100,2300,2053012,,,,,,
sha256,2048,91,23,2300,100,2300,2053318,,,,,,
sha256,2048,92,23,2300,100,2300,2052144,,,,,,
sha256,2048,93,23,2300,100,2300,2053183,,,,,,
sha256,2048,94,23,2300,100,2300,2024713,,,,,,
sha256,2048,95,23,2300,100,2300,2015881,,,,,,
sha256,2048,96,23,2300,100,2300,2014701,,,,,,
sha256,2048,97,23,2300,100,2300,2024497,,,,,,
sha256,2048,98,23,2300,100,2300,2015743,,,,,,
sha256,2048,99,23,2300,100,2300,2051306,,,,,,
sha256,2048,100,23,2300,100,2300,2051381,,,,,,
sha256,2048,101,23,2300,100,2300,2053986,,,,,,
sha256,2048,102,23,2300,100,2300,2052924,,,,,,
sha256,2048,103,23,2300,100,2300,2055732,,,,,,
sha256,2048,104,23,2300,100,2300,2057195,,,,,,
sha256,2048,105,23,2300,100,2300,2040033,,,,,,
sha256,2048,106,23,2300,100,2300,2048863,,,,,,
sha256,2048,107,23,2300,100,2300,2017362,,,,,,
sha256,2048,108,23,2300,100,2300,2013454,,,,,,
sha256,2048,109,23,2300,100,2300,2010974,,,,,,
sha256,2048,110,23,2300,100,2300,2012441,,,,,,
sha256,2048,111,23,2300,100,2300,2015646,,,,,,
sha256,2048,112,23,2300,100,2300,2010968,,,,,,
sha256,2048,113,23,2300,100,2300,2015968,,,,,,
sha256,2048,114,23,2300,100,2300,2018212,,,,,,
sha256,2048,115,23,2300,100,2300,2011411,,,,,,
sha256,2048,116,23,2300,100,2300,2014109,,,,,,
sha256,2048,117,23,2300,100,2300,2011318,,,,,,
sha256,2048,118,23,2300,100,2300,2014103,,,,,,
sha256,2048,119,23,2300,100,2300,2011528,,,,,,
sha256,2048,120,23,2300,100,2300,2011180,,,,,,
sha256,2048,121,23,2300,100,2300,2010939,,,,,,
sha256,2048,122,23,2300,100,2300,2011019,,,,,,
sha256,2048,123,23,2300,100,2300,2011140,,,,,,
sha256,2048,124,23,2300,100,2300,2011072,,,,,,
sha256,2048,125,23,2300,100,2300,2011122,,,,,,
sha256,2048,126,23,2300,100,2300,2011121,,,,,,
sha256,2048,127,23,2300,100,2300,2011056,,,,,,
sha256,102400,0,1,100,100,100,4200712,,,,,,
sha256,102400,1,1,100,100,100,4202173,,,,,,
sha256,102400,2,1,100,100,100,4200569,,,,,,
sha256,102400,3,1,100,100,100,4198075,,,,,,
sha256,102400,4,1,100,100,100,4201165,,,,,,
sha256,102400,5,1,100,100,100,4280976,,,,,,
sha256,102400,6,1,100,100,100,4288562,,,,,,
sha256,102400,7,1,100,100,100,4220090,,,,,,
sha256,102400,8,1,100,100,100,4206581,,,,,,
sha256,102400,9,1,100,100,100,4201517,,,,,,
sha256,102400,10,1,100,100,100,4202604,,,,,,
sha256,102400,11,1,100,100,100,4198158,,,,,,
sha256,102400,12,1,100,100,100,4253183,,,,,,
sha256,102400,13,1,100,100,100,4200507,,,,,,
sha256,102400,14,1,100,100,100,4208852,,,,,,
sha256,102400,15,1,100,100,100,4201134,,,,,,
sha256,102400,16,1,100,100,100,4201145,,,,,,
sha256,102400,17,1,100,100,100,4198020,,,,,,
sha256,102400,18,1,100,100,100,4198003,,,,,,
sha256,102400,19,1,100,100,100,4198116,,,,,,
sha256,102400,20,1,100,100,100,4199189,,,,,,
sha256,102400,21,1,100,100,100,4198175,,,,,,
sha256,102400,22,1,100,100,100,4200355,,,,,,
sha256,102400,23,1,100,100,100,4203117,,,,,,
sha256,102400,24,1,100,100,100,4288318,,,,,,
sha256,102400,25,1,100,100,100,4290847,,,,,,
sha256,102400,26,1,100,100,100,4238543,,,,,,
sha256,102400,27,1,100,100,100,4216288,,,,,,
sha256,102400,28,1,100,100,100,4201120,,,,,,
sha256,102400,29,1,100,100,100,4205227,,,,,,
sha256,102400,30,1,100,100,100,4198585,,,,,,
sha256,102400,31,1,100,100,100,4198947,,,,,,
sha256,102400,32,1,100,100,100,4197920,,,,,,
sha256,102400,33,1,100,100,100,4198162,,,,,,
sha256,102400,34,1,100,100,100,4201417,,,,,,
sha256,102400,35,1,100,100,100,4197976,,,,,,
sha256,102400,36,1,100,100,100,4198194,,,,,,
sha256,102400,37,1,100,100,100,4200408,,,,,,
sha256,102400,38,1,100,100,100,4203874,,,,,,
sha256,102400,39,1,100,100,100,4201634,,,,,,
sha256,102400,40,1,100,100,100,4198042,,,,,,
sha256,102400,41,1,100,100,100,4198029,,,,,,
sha256,102400,42,1,100,100,100,4205760,,,,,,
sha256,102400,43,1,100,100,100,4287054,,,,,,
sha256,102400,44,1,100,100,100,4291121,,,,,,
sha256,102400,45,1,100,100,100,4233960,,,,,,
sha256,102400,46,1,100,100,100,4199150,,,,,,
sha256,102400,47,1,100,100,100,4204907,,,,,,
sha256,102400,48,1,100,100,100,4203403,,,,,,
sha256,102400,49,1,100,100,100,4203634,,,,,,
sha256,102400,50,1,100,100,100,4201661,,,,,,
sha256,102400,51,1,100,100,100,4198161,,,,,,
sha256,102400,52,1,100,100,100,4198102,,,,,,
sha256,102400,53,1,100,100,100,4201433,,,,,,
sha256,102400,54,1,100,100,100,4198124,,,,,,
sha256,102400,55,1,100,100,100,4204802,,,,,,
sha256,102400,56,1,100,100,100,4197821,,,,,,
sha256,102400,57,1,100,100,100,4197914,,,,,,
sha256,102400,58,1,100,100,100,4201169,,,,,,
sha256,102400,59,1,100,100,100,4197964,,,,,,
sha256,102400,60,1,100,100,100,4198154,,,,,,
sha256,102400,61,1,100,100,100,4200537,,,,,,
sha256,102400,62,1,100,100,100,4270137,,,,,,
sha256,102400,63,1,100,100,100,4289627,,,,,,
sha256,102400,64,1,100,100,100,4229432,,,,,,
sha256,102400,65,1,100,100,100,4237134,,,,,,
sha256,102400,66,1,100,100,100,4212437,,,,,,
sha256,102400,67,1,100,100,100,4208023,,,,,,
sha256,102400,68,1,100,100,100,4203565,,,,,,
sha256,102400,69,1,100,100,100,4214821,,,,,,
sha256,102400,70,1,100,100,100,4214402,,,,,,
sha256,102400,71,1,100,100,100,4263792,,,,,,
sha256,102400,72,1,100,100,100,4206079,,,,,,
sha256,102400,73,1,100,100,100,4204000,,,,,,
sha256,102400,74,1,100,100,100,4209509,,,,,,
sha256,102400,75,1,100,100,100,4198013,,,,,,
sha256,102400,76,1,100,100,100,4199458,,,,,,
sha256,102400,77,1,100,100,100,4197972,,,,,,
sha256,102400,78,1,100,100,100,4197974,,,,,,
sha256,102400,79,1,100,100,100,4197935,,,,,,
sha256,102400,80,1,100,100,100,4203471,,,,,,
sha256,102400,81,1,100,100,100,4284537,,,,,,
sha256,102400,82,1,100,100,100,4290541,,,,,,
sha256,102400,83,1,100,100,100,4232182,,,,,,
sha256,102400,84,1,100,100,100,4201035,,,,,,
sha256,102400,85,1,100,100,100,4202332,,,,,,
sha256,102400,86,1,100,100,100,4203441,,,,,,
sha256,102400,87,1,100,100,100,4205774,,,,,,
sha256,102400,88,1,100,100,100,4201483,,,,,,
sha256,102400,89,1,100,100,100,4201097,,,,,,
sha256,102400,90,1,100,100,100,4199510,,,,,,
sha256,102400,91,1,100,100,100,4201101,,,,,,
sha256,102400,92,1,100,100,100,4197927,,,,,,
sha256,102400,93,1,100,100,100,4197943,,,,,,
sha256,102400,94,1,100,100,100,4198216,,,,,,
sha256,102400,95,1,100,100,100,4199010,,,,,,
sha256,102400,96,1,100,100,100,4199996,,,,,,
sha256,102400,97,1,100,100,100,4200443,,,,,,
sha256,102400,98,1,100,100,100,4199232,,,,,,
sha256,102400,99,1,100,100,100,4204789,,,,,,
sha256,102400,100,1,100,100,100,4270566,,,,,,
sha256,102400,101,1,100,100,100,4290404,,,,,,
sha256,102400,102,1,100,100,100,4228458,,,,,,
sha256,102400,103,1,100,100,100,4232947,,,,,,
sha256,102400,104,1,100,100,100,4211876,,,,,,
sha256,102400,105,1,100,100,100,4214948,,,,,,
sha256,102400,106,1,100,100,100,4201479,,,,,,
sha256,102400,107,1,100,100,100,4199204,,,,,,
sha256,102400,108,1,100,100,100,4200283,,,,,,
sha256,102400,109,1,100,100,100,4205091,,,,,,
sha256,102400,110,1,100,100,100,4200499,,,,,,
sha256,102400,111,1,100,100,100,4197895,,,,,,
sha256,102400,112,1,100,100,100,4197890,,,,,,
sha256,102400,113,1,100,100,100,4198071,,,,,,
sha256,102400,114,1,100,100,100,4198473,,,,,,
sha256,102400,115,1,100,100,100,4207755,,,,,,
sha256,102400,116,1,100,100,100,4202159,,,,,,
sha256,102400,117,1,100,100,100,4198112,,,,,,
sha256,102400,118,1,100,100,100,4203110,,,,,,
sha256,102400,119,1,100,100,100,4285716,,,,,,
sha256,102400,120,1,100,100,100,4281349,,,,,,
sha256,102400,121,1,100,100,100,4218070,,,,,,
sha256,102400,122,1,100,100,100,4215150,,,,,,
sha256,102400,123,1,100,100,100,4203983,,,,,,
sha256,102400,124,1,100,100,100,4201291,,,,,,
sha256,102400,125,1,100,100,100,4198742,,,,,,
sha256,102400,126,1,100,100,100,4198186,,,,,,
sha256,102400,127,1,100,100,100,4199019,,,,,,
blake3-servil-st,64,0,445,44500,106,47170,1992861,,,,,,
blake3-servil-st,64,1,445,44500,106,47170,1993167,,,,,,
blake3-servil-st,64,2,445,44500,106,47170,1989640,,,,,,
blake3-servil-st,64,3,445,44500,106,47170,1996056,,,,,,
blake3-servil-st,64,4,445,44500,106,47170,1995887,,,,,,
blake3-servil-st,64,5,445,44500,106,47170,1989183,,,,,,
blake3-servil-st,64,6,445,44500,106,47170,1988091,,,,,,
blake3-servil-st,64,7,445,44500,106,47170,2040025,,,,,,
blake3-servil-st,64,8,445,44500,106,47170,2041433,,,,,,
blake3-servil-st,64,9,445,44500,106,47170,2041361,,,,,,
blake3-servil-st,64,10,445,44500,106,47170,2037119,,,,,,
blake3-servil-st,64,11,445,44500,106,47170,2035423,,,,,,
blake3-servil-st,64,12,445,44500,106,47170,2035729,,,,,,
blake3-servil-st,64,13,445,44500,106,47170,2051629,,,,,,
blake3-servil-st,64,14,445,44500,106,47170,2084337,,,,,,
blake3-servil-st,64,15,445,44500,106,47170,2033992,,,,,,
blake3-servil-st,64,16,445,44500,106,47170,2034843,,,,,,
blake3-servil-st,64,17,445,44500,106,47170,2031714,,,,,,
blake3-servil-st,64,18,445,44500,106,47170,2040287,,,,,,
blake3-servil-st,64,19,445,44500,106,47170,2042417,,,,,,
blake3-servil-st,64,20,445,44500,106,47170,2031837,,,,,,
blake3-servil-st,64,21,445,44500,106,47170,2036918,,,,,,
blake3-servil-st,64,22,445,44500,106,47170,2035879,,,,,,
blake3-servil-st,64,23,445,44500,106,47170,2029316,,,,,,
blake3-servil-st,64,24,445,44500,106,47170,2018481,,,,,,
blake3-servil-st,64,25,445,44500,106,47170,1996504,,,,,,
blake3-servil-st,64,26,445,44500,106,47170,1994088,,,,,,
blake3-servil-st,64,27,445,44500,106,47170,1999647,,,,,,
blake3-servil-st,64,28,445,44500,106,47170,1998472,,,,,,
blake3-servil-st,64,29,445,44500,106,47170,2024753,,,,,,
blake3-servil-st,64,30,445,44500,106,47170,2022181,,,,,,
blake3-servil-st,64,31,445,44500,106,47170,1999645,,,,,,
blake3-servil-st,64,32,445,44500,106,47170,1996908,,,,,,
blake3-servil-st,64,33,445,44500,106,47170,1999388,,,,,,
blake3-servil-st,64,34,445,44500,106,47170,1991896,,,,,,
blake3-servil-st,64,35,445,44500,106,47170,1990021,,,,,,
blake3-servil-st,64,36,445,44500,106,47170,1985244,,,,,,
blake3-servil-st,64,37,445,44500,106,47170,1992747,,,,,,
blake3-servil-st,64,38,445,44500,106,47170,1988686,,,,,,
blake3-servil-st,64,39,445,44500,106,47170,1988291,,,,,,
blake3-servil-st,64,40,445,44500,106,47170,1992142,,,,,,
blake3-servil-st,64,41,445,44500,106,47170,1989401,,,,,,
blake3-servil-st,64,42,445,44500,106,47170,1992859,,,,,,
blake3-servil-st,64,43,445,44500,106,47170,1998110,,,,,,
blake3-servil-st,64,44,445,44500,106,47170,2000407,,,,,,
blake3-servil-st,64,45,445,44500,106,47170,1992639,,,,,,
blake3-servil-st,64,46,445,44500,106,47170,1996652,,,,,,
blake3-servil-st,64,47,445,44500,106,47170,1999630,,,,,,
blake3-servil-st,64,48,445,44500,106,47170,1999560,,,,,,
blake3-servil-st,64,49,445,44500,106,47170,1998750,,,,,,
blake3-servil-st,64,50,445,44500,106,47170,1995961,,,,,,
blake3-servil-st,64,51,445,44500,106,47170,1999536,,,,,,
blake3-servil-st,64,52,445,44500,106,47170,1994407,,,,,,
blake3-servil-st,64,53,445,44500,106,47170,1994842,,,,,,
blake3-servil-st,64,54,445,44500,106,47170,2000652,,,,,,
blake3-servil-st,64,55,445,44500,106,47170,1998162,,,,,,
blake3-servil-st,64,56,445,44500,106,47170,1998981,,,,,,
blake3-servil-st,64,57,445,44500,106,47170,1997260,,,,,,
blake3-servil-st,64,58,445,44500,106,47170,2000008,,,,,,
blake3-servil-st,64,59,445,44500,106,47170,2021470,,,,,,
blake3-servil-st,64,60,445,44500,106,47170,2035449,,,,,,
blake3-servil-st,64,61,445,44500,106,47170,2036402,,,,,,
blake3-servil-st,64,62,445,44500,106,47170,2040814,,,,,,
blake3-servil-st,64,63,445,44500,106,47170,2042254,,,,,,
blake3-servil-st,64,64,445,44500,106,47170,2026589,,,,,,
blake3-servil-st,64,65,445,44500,106,47170,1997351,,,,,,
blake3-servil-st,64,66,445,44500,106,47170,1997423,,,,,,
blake3-servil-st,64,67,445,44500,106,47170,1987657,,,,,,
blake3-servil-st,64,68,445,44500,106,47170,1993740,,,,,,
blake3-servil-st,64,69,445,44500,106,47170,2005919,,,,,,
blake3-servil-st,64,70,445,44500,106,47170,1999451,,,,,,
blake3-servil-st,64,71,445,44500,106,47170,1996430,,,,,,
blake3-servil-st,64,72,445,44500,106,47170,1998180,,,,,,
blake3-servil-st,64,73,445,44500,106,47170,2000598,,,,,,
blake3-servil-st,64,74,445,44500,106,47170,1991780,,,,,,
blake3-servil-st,64,75,445,44500,106,47170,1998660,,,,,,
blake3-servil-st,64,76,445,44500,106,47170,1998273,,,,,,
blake3-servil-st,64,77,445,44500,106,47170,1997237,,,,,,
blake3-servil-st,64,78,445,44500,106,47170,1997038,,,,,,
blake3-servil-st,64,79,445,44500,106,47170,2000128,,,,,,
blake3-servil-st,64,80,445,44500,106,47170,1999866,,,,,,
blake3-servil-st,64,81,445,44500,106,47170,2000705,,,,,,
blake3-servil-st,64,82,445,44500,106,47170,2022170,,,,,,
blake3-servil-st,64,83,445,44500,106,47170,2032785,,,,,,
blake3-servil-st,64,84,445,44500,106,47170,2042820,,,,,,
blake3-servil-st,64,85,445,44500,106,47170,2043556,,,,,,
blake3-servil-st,64,86,445,44500,106,47170,2045654,,,,,,
blake3-servil-st,64,87,445,44500,106,47170,2004199,,,,,,
blake3-servil-st,64,88,445,44500,106,47170,2013668,,,,,,
blake3-servil-st,64,89,445,44500,106,47170,2026125,,,,,,
blake3-servil-st,64,90,445,44500,106,47170,1999447,,,,,,
blake3-servil-st,64,91,445,44500,106,47170,2002092,,,,,,
blake3-servil-st,64,92,445,44500,106,47170,2000460,,,,,,
blake3-servil-st,64,93,445,44500,106,47170,1998838,,,,,,
blake3-servil-st,64,94,445,44500,106,47170,1998444,,,,,,
blake3-servil-st,64,95,445,44500,106,47170,1999049,,,,,,
blake3-servil-st,64,96,445,44500,106,47170,1994959,,,,,,
blake3-servil-st,64,97,445,44500,106,47170,1999345,,,,,,
blake3-servil-st,64,98,445,44500,106,47170,2000456,,,,,,
blake3-servil-st,64,99,445,44500,106,47170,2026912,,,,,,
blake3-servil-st,64,100,445,44500,106,47170,2039278,,,,,,
blake3-servil-st,64,101,445,44500,106,47170,2034276,,,,,,
blake3-servil-st,64,102,445,44500,106,47170,2037173,,,,,,
blake3-servil-st,64,103,445,44500,106,47170,2039885,,,,,,
blake3-servil-st,64,104,445,44500,106,47170,2006056,,,,,,
blake3-servil-st,64,105,445,44500,106,47170,1992344,,,,,,
blake3-servil-st,64,106,445,44500,106,47170,2006566,,,,,,
blake3-servil-st,64,107,445,44500,106,47170,1988764,,,,,,
blake3-servil-st,64,108,445,44500,106,47170,1998232,,,,,,
blake3-servil-st,64,109,445,44500,106,47170,1993047,,,,,,
blake3-servil-st,64,110,445,44500,106,47170,1995875,,,,,,
blake3-servil-st,64,111,445,44500,106,47170,1989083,,,,,,
blake3-servil-st,64,112,445,44500,106,47170,2010701,,,,,,
blake3-servil-st,64,113,445,44500,106,47170,1997997,,,,,,
blake3-servil-st,64,114,445,44500,106,47170,1999348,,,,,,
blake3-servil-st,64,115,445,44500,106,47170,1997842,,,,,,
blake3-servil-st,64,116,445,44500,106,47170,2038278,,,,,,
blake3-servil-st,64,117,445,44500,106,47170,2072161,,,,,,
blake3-servil-st,64,118,445,44500,106,47170,2035589,,,,,,
blake3-servil-st,64,119,445,44500,106,47170,2034337,,,,,,
blake3-servil-st,64,120,445,44500,106,47170,2039258,,,,,,
blake3-servil-st,64,121,445,44500,106,47170,2041394,,,,,,
blake3-servil-st,64,122,445,44500,106,47170,2041609,,,,,,
blake3-servil-st,64,123,445,44500,106,47170,2033552,,,,,,
blake3-servil-st,64,124,445,44500,106,47170,2034296,,,,,,
blake3-servil-st,64,125,445,44500,106,47170,2035257,,,,,,
blake3-servil-st,64,126,445,44500,106,47170,2036654,,,,,,
blake3-servil-st,64,127,445,44500,106,47170,2037562,,,,,,
blake3-servil-st,2048,0,25,2500,106,2650,2010011,,,,,,
blake3-servil-st,2048,1,25,2500,106,2650,2042074,,,,,,
blake3-servil-st,2048,2,25,2500,106,2650,2008539,,,,,,
blake3-servil-st,2048,3,25,2500,106,2650,2012188,,,,,,
blake3-servil-st,2048,4,25,2500,106,2650,2013468,,,,,,
blake3-servil-st,2048,5,25,2500,106,2650,2008632,,,,,,
blake3-servil-st,2048,6,25,2500,106,2650,2009694,,,,,,
blake3-servil-st,2048,7,25,2500,106,2650,2007448,,,,,,
blake3-servil-st,2048,8,25,2500,106,2650,2006877,,,,,,
blake3-servil-st,2048,9,25,2500,106,2650,2006239,,,,,,
blake3-servil-st,2048,10,25,2500,106,2650,2009596,,,,,,
blake3-servil-st,2048,11,25,2500,106,2650,2007646,,,,,,
blake3-servil-st,2048,12,25,2500,106,2650,2013879,,,,,,
blake3-servil-st,2048,13,25,2500,106,2650,2017617,,,,,,
blake3-servil-st,2048,14,25,2500,106,2650,2014347,,,,,,
blake3-servil-st,2048,15,25,2500,106,2650,2014909,,,,,,
blake3-servil-st,2048,16,25,2500,106,2650,2010535,,,,,,
blake3-servil-st,2048,17,25,2500,106,2650,2006328,,,,,,
blake3-servil-st,2048,18,25,2500,106,2650,2006900,,,,,,
blake3-servil-st,2048,19,25,2500,106,2650,2008401,,,,,,
blake3-servil-st,2048,20,25,2500,106,2650,2018389,,,,,,
blake3-servil-st,2048,21,25,2500,106,2650,2008698,,,,,,
blake3-servil-st,2048,22,25,2500,106,2650,2006707,,,,,,
blake3-servil-st,2048,23,25,2500,106,2650,2007312,,,,,,
blake3-servil-st,2048,24,25,2500,106,2650,2008549,,,,,,
blake3-servil-st,2048,25,25,2500,106,2650,2009115,,,,,,
blake3-servil-st,2048,26,25,2500,106,2650,2009624,,,,,,
blake3-servil-st,2048,27,25,2500,106,2650,2009151,,,,,,
blake3-servil-st,2048,28,25,2500,106,2650,2010811,,,,,,
blake3-servil-st,2048,29,25,2500,106,2650,2008796,,,,,,
blake3-servil-st,2048,30,25,2500,106,2650,2007824,,,,,,
blake3-servil-st,2048,31,25,2500,106,2650,2008373,,,,,,
blake3-servil-st,2048,32,25,2500,106,2650,2013851,,,,,,
blake3-servil-st,2048,33,25,2500,106,2650,2009045,,,,,,
blake3-servil-st,2048,34,25,2500,106,2650,2007784,,,,,,
blake3-servil-st,2048,35,25,2500,106,2650,2010196,,,,,,
blake3-servil-st,2048,36,25,2500,106,2650,2006544,,,,,,
blake3-servil-st,2048,37,25,2500,106,2650,2014030,,,,,,
blake3-servil-st,2048,38,25,2500,106,2650,2012097,,,,,,
blake3-servil-st,2048,39,25,2500,106,2650,2012266,,,,,,
blake3-servil-st,2048,40,25,2500,106,2650,2006306,,,,,,
blake3-servil-st,2048,41,25,2500,106,2650,2013114,,,,,,
blake3-servil-st,2048,42,25,2500,106,2650,2008673,,,,,,
blake3-servil-st,2048,43,25,2500,106,2650,2009409,,,,,,
blake3-servil-st,2048,44,25,2500,106,2650,2011680,,,,,,
blake3-servil-st,2048,45,25,2500,106,2650,2012652,,,,,,
blake3-servil-st,2048,46,25,2500,106,2650,2008568,,,,,,
blake3-servil-st,2048,47,25,2500,106,2650,2013515,,,,,,
blake3-servil-st,2048,48,25,2500,106,2650,2015272,,,,,,
blake3-servil-st,2048,49,25,2500,106,2650,2009875,,,,,,
blake3-servil-st,2048,50,25,2500,106,2650,2007193,,,,,,
blake3-servil-st,2048,51,25,2500,106,2650,2010084,,,,,,
blake3-servil-st,2048,52,25,2500,106,2650,2010562,,,,,,
blake3-servil-st,2048,53,25,2500,106,2650,2009618,,,,,,
blake3-servil-st,2048,54,25,2500,106,2650,2020524,,,,,,
blake3-servil-st,2048,55,25,2500,106,2650,2014194,,,,,,
blake3-servil-st,2048,56,25,2500,106,2650,2015787,,,,,,
blake3-servil-st,2048,57,25,2500,106,2650,2008356,,,,,,
blake3-servil-st,2048,58,25,2500,106,2650,2010768,,,,,,
blake3-servil-st,2048,59,25,2500,106,2650,2007989,,,,,,
blake3-servil-st,2048,60,25,2500,106,2650,2010453,,,,,,
blake3-servil-st,2048,61,25,2500,106,2650,2011690,,,,,,
blake3-servil-st,2048,62,25,2500,106,2650,2008111,,,,,,
blake3-servil-st,2048,63,25,2500,106,2650,2378270,,,,,,
blake3-servil-st,2048,64,25,2500,106,2650,2009193,,,,,,
blake3-servil-st,2048,65,25,2500,106,2650,2011574,,,,,,
blake3-servil-st,2048,66,25,2500,106,2650,2012164,,,,,,
blake3-servil-st,2048,67,25,2500,106,2650,2011702,,,,,,
blake3-servil-st,2048,68,25,2500,106,2650,2009311,,,,,,
blake3-servil-st,2048,69,25,2500,106,2650,2007327,,,,,,
blake3-servil-st,2048,70,25,2500,106,2650,2009541,,,,,,
blake3-servil-st,2048,71,25,2500,106,2650,2007711,,,,,,
blake3-servil-st,2048,72,25,2500,106,2650,2010137,,,,,,
blake3-servil-st,2048,73,25,2500,106,2650,2013229,,,,,,
blake3-servil-st,2048,74,25,2500,106,2650,2009584,,,,,,
blake3-servil-st,2048,75,25,2500,106,2650,2010911,,,,,,
blake3-servil-st,2048,76,25,2500,106,2650,2016504,,,,,,
blake3-servil-st,2048,77,25,2500,106,2650,2015264,,,,,,
blake3-servil-st,2048,78,25,2500,106,2650,2008681,,,,,,
blake3-servil-st,2048,79,25,2500,106,2650,2012689,,,,,,
blake3-servil-st,2048,80,25,2500,106,2650,2007472,,,,,,
blake3-servil-st,2048,81,25,2500,106,2650,2013470,,,,,,
blake3-servil-st,2048,82,25,2500,106,2650,2011429,,,,,,
blake3-servil-st,2048,83,25,2500,106,2650,2007205,,,,,,
blake3-servil-st,2048,84,25,2500,106,2650,2013736,,,,,,
blake3-servil-st,2048,85,25,2500,106,2650,2008674,,,,,,
blake3-servil-st,2048,86,25,2500,106,2650,2011106,,,,,,
blake3-servil-st,2048,87,25,2500,106,2650,2010657,,,,,,
blake3-servil-st,2048,88,25,2500,106,2650,2011581,,,,,,
blake3-servil-st,2048,89,25,2500,106,2650,2013065,,,,,,
blake3-servil-st,2048,90,25,2500,106,2650,2010634,,,,,,
blake3-servil-st,2048,91,25,2500,106,2650,2007888,,,,,,
blake3-servil-st,2048,92,25,2500,106,2650,2013696,,,,,,
blake3-servil-st,2048,93,25,2500,106,2650,2012976,,,,,,
blake3-servil-st,2048,94,25,2500,106,2650,2016526,,,,,,
blake3-servil-st,2048,95,25,2500,106,2650,2016932,,,,,,
blake3-servil-st,2048,96,25,2500,106,2650,2008192,,,,,,
blake3-servil-st,2048,97,25,2500,106,2650,2011251,,,,,,
blake3-servil-st,2048,98,25,2500,106,2650,2007405,,,,,,
blake3-servil-st,2048,99,25,2500,106,2650,2008804,,,,,,
blake3-servil-st,2048,100,25,2500,106,2650,2010536,,,,,,
blake3-servil-st,2048,101,25,2500,106,2650,2009516,,,,,,
blake3-servil-st,2048,102,25,2500,106,2650,2013530,,,,,,
blake3-servil-st,2048,103,25,2500,106,2650,2009640,,,,,,
blake3-servil-st,2048,104,25,2500,106,2650,2011510,,,,,,
blake3-servil-st,2048,105,25,2500,106,2650,2012439,,,,,,
blake3-servil-st,2048,106,25,2500,106,2650,2009687,,,,,,
blake3-servil-st,2048,107,25,2500,106,2650,2007538,,,,,,
blake3-servil-st,2048,108,25,2500,106,2650,2012452,,,,,,
blake3-servil-st,2048,109,25,2500,106,2650,2012144,,,,,,
blake3-servil-st,2048,110,25,2500,106,2650,2012186,,,,,,
blake3-servil-st,2048,111,25,2500,106,2650,2008088,,,,,,
blake3-servil-st,2048,112,25,2500,106,2650,2008127,,,,,,
blake3-servil-st,2048,113,25,2500,106,2650,2017025,,,,,,
blake3-servil-st,2048,114,25,2500,106,2650,2008752,,,,,,
blake3-servil-st,2048,115,25,2500,106,2650,2006986,,,,,,
blake3-servil-st,2048,116,25,2500,106,2650,2008159,,,,,,
blake3-servil-st,2048,117,25,2500,106,2650,2013379,,,,,,
blake3-servil-st,2048,118,25,2500,106,2650,2009373,,,,,,
blake3-servil-st,2048,119,25,2500,106,2650,2008422,,,,,,
blake3-servil-st,2048,120,25,2500,106,2650,2006864,,,,,,
blake3-servil-st,2048,121,25,2500,106,2650,2013599,,,,,,
blake3-servil-st,2048,122,25,2500,106,2650,2008956,,,,,,
blake3-servil-st,2048,123,25,2500,106,2650,2008529,,,,,,
blake3-servil-st,2048,124,25,2500,106,2650,2007444,,,,,,
blake3-servil-st,2048,125,25,2500,106,2650,2007962,,,,,,
blake3-servil-st,2048,126,25,2500,106,2650,2010097,,,,,,
blake3-servil-st,2048,127,25,2500,106,2650,2009613,,,,,,
blake3-servil-st,102400,0,1,100,106,106,2003553,,,,,,
blake3-servil-st,102400,1,1,100,106,106,2008608,,,,,,
blake3-servil-st,102400,2,1,100,106,106,2005125,,,,,,
blake3-servil-st,102400,3,1,100,106,106,2004694,,,,,,
blake3-servil-st,102400,4,1,100,106,106,2010193,,,,,,
blake3-servil-st,102400,5,1,100,106,106,2008247,,,,,,
blake3-servil-st,102400,6,1,100,106,106,2008643,,,,,,
blake3-servil-st,102400,7,1,100,106,106,2002449,,,,,,
blake3-servil-st,102400,8,1,100,106,106,2002381,,,,,,
blake3-servil-st,102400,9,1,100,106,106,2002319,,,,,,
blake3-servil-st,102400,10,1,100,106,106,2001692,,,,,,
blake3-servil-st,102400,11,1,100,106,106,2002650,,,,,,
blake3-servil-st,102400,12,1,100,106,106,2003610,,,,,,
blake3-servil-st,102400,13,1,100,106,106,2003628,,,,,,
blake3-servil-st,102400,14,1,100,106,106,2003078,,,,,,
blake3-servil-st,102400,15,1,100,106,106,2002006,,,,,,
blake3-servil-st,102400,16,1,100,106,106,2003704,,,,,,
blake3-servil-st,102400,17,1,100,106,106,2002515,,,,,,
blake3-servil-st,102400,18,1,100,106,106,2003209,,,,,,
blake3-servil-st,102400,19,1,100,106,106,2002265,,,,,,
blake3-servil-st,102400,20,1,100,106,106,2001590,,,,,,
blake3-servil-st,102400,21,1,100,106,106,2001907,,,,,,
blake3-servil-st,102400,22,1,100,106,106,2002664,,,,,,
blake3-servil-st,102400,23,1,100,106,106,2002408,,,,,,
blake3-servil-st,102400,24,1,100,106,106,2003408,,,,,,
blake3-servil-st,102400,25,1,100,106,106,2002172,,,,,,
blake3-servil-st,102400,26,1,100,106,106,2002333,,,,,,
blake3-servil-st,102400,27,1,100,106,106,2002680,,,,,,
blake3-servil-st,102400,28,1,100,106,106,2002093,,,,,,
blake3-servil-st,102400,29,1,100,106,106,2002023,,,,,,
blake3-servil-st,102400,30,1,100,106,106,2001422,,,,,,
blake3-servil-st,102400,31,1,100,106,106,2002331,,,,,,
blake3-servil-st,102400,32,1,100,106,106,2002146,,,,,,
blake3-servil-st,102400,33,1,100,106,106,2001859,,,,,,
blake3-servil-st,102400,34,1,100,106,106,2001652,,,,,,
blake3-servil-st,102400,35,1,100,106,106,2002199,,,,,,
blake3-servil-st,102400,36,1,100,106,106,2002076,,,,,,
blake3-servil-st,102400,37,1,100,106,106,2002029,,,,,,
blake3-servil-st,102400,38,1,100,106,106,2001960,,,,,,
blake3-servil-st,102400,39,1,100,106,106,2002400,,,,,,
blake3-servil-st,102400,40,1,100,106,106,2001622,,,,,,
blake3-servil-st,102400,41,1,100,106,106,2003148,,,,,,
blake3-servil-st,102400,42,1,100,106,106,2001112,,,,,,
blake3-servil-st,102400,43,1,100,106,106,2003593,,,,,,
blake3-servil-st,102400,44,1,100,106,106,2004957,,,,,,
blake3-servil-st,102400,45,1,100,106,106,2007483,,,,,,
blake3-servil-st,102400,46,1,100,106,106,2001922,,,,,,
blake3-servil-st,102400,47,1,100,106,106,2007690,,,,,,
blake3-servil-st,102400,48,1,100,106,106,2002488,,,,,,
blake3-servil-st,102400,49,1,100,106,106,2002015,,,,,,
blake3-servil-st,102400,50,1,100,106,106,2002485,,,,,,
blake3-servil-st,102400,51,1,100,106,106,2002917,,,,,,
blake3-servil-st,102400,52,1,100,106,106,2002904,,,,,,
blake3-servil-st,102400,53,1,100,106,106,2002248,,,,,,
blake3-servil-st,102400,54,1,100,106,106,2002931,,,,,,
blake3-servil-st,102400,55,1,100,106,106,2002256,,,,,,
blake3-servil-st,102400,56,1,100,106,106,2002946,,,,,,
blake3-servil-st,102400,57,1,100,106,106,2003274,,,,,,
blake3-servil-st,102400,58,1,100,106,106,2003735,,,,,,
blake3-servil-st,102400,59,1,100,106,106,2001851,,,,,,
blake3-servil-st,102400,60,1,100,106,106,2002365,,,,,,
blake3-servil-st,102400,61,1,100,106,106,2002619,,,,,,
blake3-servil-st,102400,62,1,100,106,106,2003237,,,,,,
blake3-servil-st,102400,63,1,100,106,106,2002896,,,,,,
blake3-servil-st,102400,64,1,100,106,106,2001847,,,,,,
blake3-servil-st,102400,65,1,100,106,106,2002184,,,,,,
blake3-servil-st,102400,66,1,100,106,106,2003276,,,,,,
blake3-servil-st,102400,67,1,100,106,106,2003111,,,,,,
blake3-servil-st,102400,68,1,100,106,106,2003006,,,,,,
blake3-servil-st,102400,69,1,100,106,106,2003158,,,,,,
blake3-servil-st,102400,70,1,100,106,106,2002856,,,,,,
blake3-servil-st,102400,71,1,100,106,106,2002764,,,,,,
blake3-servil-st,102400,72,1,100,106,106,2001779,,,,,,
blake3-servil-st,102400,73,1,100,106,106,2001938,,,,,,
blake3-servil-st,102400,74,1,100,106,106,2001891,,,,,,
blake3-servil-st,102400,75,1,100,106,106,2001905,,,,,,
blake3-servil-st,102400,76,1,100,106,106,2001080,,,,,,
blake3-servil-st,102400,77,1,100,106,106,2001580,,,,,,
blake3-servil-st,102400,78,1,100,106,106,2001631,,,,,,
blake3-servil-st,102400,79,1,100,106,106,2002274,,,,,,
blake3-servil-st,102400,80,1,100,106,106,2001361,,,,,,
blake3-servil-st,102400,81,1,100,106,106,2002797,,,,,,
blake3-servil-st,102400,82,1,100,106,106,2003845,,,,,,
blake3-servil-st,102400,83,1,100,106,106,2003564,,,,,,
blake3-servil-st,102400,84,1,100,106,106,2006414,,,,,,
blake3-servil-st,102400,85,1,100,106,106,2009140,,,,,,
blake3-servil-st,102400,86,1,100,106,106,2007064,,,,,,
blake3-servil-st,102400,87,1,100,106,106,2003376,,,,,,
blake3-servil-st,102400,88,1,100,106,106,2004373,,,,,,
blake3-servil-st,102400,89,1,100,106,106,2004040,,,,,,
blake3-servil-st,102400,90,1,100,106,106,2002554,,,,,,
blake3-servil-st,102400,91,1,100,106,106,2002434,,,,,,
blake3-servil-st,102400,92,1,100,106,106,2002255,,,,,,
blake3-servil-st,102400,93,1,100,106,106,2002299,,,,,,
blake3-servil-st,102400,94,1,100,106,106,2002526,,,,,,
blake3-servil-st,102400,95,1,100,106,106,2002525,,,,,,
blake3-servil-st,102400,96,1,100,106,106,2001990,,,,,,
blake3-servil-st,102400,97,1,100,106,106,2008267,,,,,,
blake3-servil-st,102400,98,1,100,106,106,2001843,,,,,,
blake3-servil-st,102400,99,1,100,106,106,2002617,,,,,,
blake3-servil-st,102400,100,1,100,106,106,2002384,,,,,,
blake3-servil-st,102400,101,1,100,106,106,2002252,,,,,,
blake3-servil-st,102400,102,1,100,106,106,2002438,,,,,,
blake3-servil-st,102400,103,1,100,106,106,2001838,,,,,,
blake3-servil-st,102400,104,1,100,106,106,2002470,,,,,,
blake3-servil-st,102400,105,1,100,106,106,2001869,,,,,,
blake3-servil-st,102400,106,1,100,106,106,2002215,,,,,,
blake3-servil-st,102400,107,1,100,106,106,2003097,,,,,,
blake3-servil-st,102400,108,1,100,106,106,2002160,,,,,,
blake3-servil-st,102400,109,1,100,106,106,2003085,,,,,,
blake3-servil-st,102400,110,1,100,106,106,2002009,,,,,,
blake3-servil-st,102400,111,1,100,106,106,2001675,,,,,,
blake3-servil-st,102400,112,1,100,106,106,2002214,,,,,,
blake3-servil-st,102400,113,1,100,106,106,2001482,,,,,,
blake3-servil-st,102400,114,1,100,106,106,2001562,,,,,,
blake3-servil-st,102400,115,1,100,106,106,2002644,,,,,,
blake3-servil-st,102400,116,1,100,106,106,2004987,,,,,,
blake3-servil-st,102400,117,1,100,106,106,2002142,,,,,,
blake3-servil-st,102400,118,1,100,106,106,2005182,,,,,,
blake3-servil-st,102400,119,1,100,106,106,2001796,,,,,,
blake3-servil-st,102400,120,1,100,106,106,2006009,,,,,,
blake3-servil-st,102400,121,1,100,106,106,2065321,,,,,,
blake3-servil-st,102400,122,1,100,106,106,2007113,,,,,,
blake3-servil-st,102400,123,1,100,106,106,2004459,,,,,,
blake3-servil-st,102400,124,1,100,106,106,2010309,,,,,,
blake3-servil-st,102400,125,1,100,106,106,2002654,,,,,,
blake3-servil-st,102400,126,1,100,106,106,2005365,,,,,,
blake3-servil-st,102400,127,1,100,106,106,2002440,,,,,,
